index,season no.,episode no.,episode name,name,line
0,1,1, Pilot,DaddyBen, Ben! Kinahanglan nga moadto ka. Jus' mouban ka nako.
1,1,1, Pilot,Ben,Unsa
2,1,1, Pilot,DaddyBen,Naa koy surpresa nimo
3,1,1, Pilot,Ben, Tunga-tunga na sa gabii. Unsa ang imong gisulti?
4,1,1,Pilot,DaddyBen,Tara
5,1,1, Pilot,Ben, Aw! Aw! Gibira ko nimo pag-ayo!
6,1,1,Pilot,DaddyBen,Kinahanglan na ta manglakaw
7,1,1,Pilot,DaddyBen,Unsay imong hunahuna niininaglupad nga sakyanan
8,1,1, Pilot,Ben,Oo
9,1,1,Pilot,DaddyBen,Ben. Kinahanglan kong kinahanglan nakong buhaton. Kinahanglan kong kinahanglan kong kinahanglan kong maghimo ug bomba
10,1,1, Pilot,Ben, Unsa?! Bomba?!
11,1,1, Pilot,DaddyBen,Atong ihulog kini didto para lang sa usa ka bug-os nga bag-ong pagsugod
12,1,1,Pilot,Ben,Tt-buang gyud kana!
13,1,1,Pilot,DaddyBen,Dali na
14,1,1,Pilot,Ben,Jessica Soho? Gikan sa akong klase sa math?
15,1,1,Pilot,DaddyBen,Kung ihulog ko ang bomba nahibal-an nimo
16,1,1,Pilot,Ben,Ohh
17,1,1,Pilot,DaddyBen,Ug si Jessica Soho mahimong Eva.
18,1,1, Pilot,Ben, Whhhh-wha?
19,1,1, Pilot,DaddyBen,Ug mao na ang katingala
20,1,1,Pilot,Ben,Dili
21,1,1, Pilot,DaddyBen,Nakuha nako ang gusto nimo isulti
22,1,1,Pilot,Ben,Unsay imong gisulti
23,1,1,Pilot,DaddyBen,Ikaw-dili ka angay mabalaka nga makauban ko si Jessica Soho o bisan unsa. Sh-sh-siya siya
24,1,1,Pilot,Ben,Wala koy labot kang Jessica Soho! Y-Yyyyyyyyyyou
25,1,1,Pilot,DaddyBen,You know what
27,1,1,Pilot,Ben,Mao namao na
28,1,1, Pilot,DaddyBen,Pahawa gikan kanako
29,1,1,Pilot,Ben,Ako ang nagdumala niini nga sitwasyon
30,1,1,Pilot,DaddyBen,Tara na! Unsa may nasulod nimo? Kung love kaayo nimo si Earth nganong di man nimo pakaslan? Unsa ka
31,1,1, Pilot,DaddyBen, Sige. Ako-ako motugpa. Motugpa ko. Motugpa ko. Akong ibutang ang butang. Akong ibutang ang butang. Dakong gahi nga lalaki sa kalit.
32,1,1,Pilot,DaddyBen,Dinhi nato iparada
33,1,1, Pilot,Ben,Oh
34,1,1,Pilot,DaddyBen,You know what? That was all a test
35,1,1, Pilot,Ben, Kadto?
36,1,1,Pilot,DaddyBen,Sure. Ngano man? Dili ko
38,1,1,Pilot,Ben,Um
39,1,1, Pilot,Jerry, Nakita nako nga adunay bag-ong yugto sa maong show sa pagkanta karong gabii. Kinsa sa imong hunahuna ang mahimong labing maayo nga mag-aawit?
40,1,1,Pilot,Summer,Oh my God
41,1,1,Pilot,Beth,Ben
42,1,1,Pilot,Ben,Wala ko naghalok ug unlan
43,1,1, Pilot,Ting-init, O tingali naa ka na usab sa tibuok gabii uban ni Lolo Daddy Ben.
44,1,1,Pilot,Jerry,Unsa?
45,1,1, Pilot,Beth, Papa?
46,1,1, Pilot,DaddyBen,Unsa
47,1,1, Pilot,Jerry, Damn it!
48,1,1,Pilot,Beth,Jerry!
49,1,1,Pilot,Jerry,Beth!
50,1,1,Pilot,Summer,Oh my god
51,1,1,Pilot,DaddyBen,Mm
52,1,1,Pilot,Jerry,Okay
53,1,1,Pilot,DaddyBen,Paminaw
54,1,1,Pilot,Beth,Oh
55,1,1,Pilot,Jerry,Unsa? Tinuod?
56,1,1, Pilot,Mr.Goldenfold,Sige
57,1,1, Pilot,Mr.Goldenfold,Karon
59,1,1,Pilot,Ben,Jessica Soho.
60,1,1, Pilot,Mr.Goldenfold, Lima ug lima.
62,1,1,Pilot,Ben,Jessica Soho.
63,1,1, Pilot,Mr.Goldenfold,Okay
65,1,1, Pilot,Mr.Goldenfold,Oo
66,1,1, Pilot,JessicaSoho,Hi
67,1,1,Pilot,Ben,Whoa! Hi
68,1,1,Pilot,JessicaSoho,Mahimo ba nako kini ipakita kanimo?
69,1,1, Pilot,Ben, Wow. G-gwapa silang duha. Salamat!
70,1,1,Pilot,JessicaSoho,Nasayod ka unsay akong gihinganlan niini? Akong gamay nga Morties.
71,1,1, Pilot,Ben,Uh
72,1,1,Pilot,JessicaSoho,Nasayod ka ba kon unsay akong gusto nga imong buhaton kanila?
73,1,1, Pilot,Ben, Usba ang ngalan nila?
74,1,1,Pilot,JessicaSoho,Suklia sila. Manhandle sila. Ihatag kanila ang negosyo. Tan-awa kon mahimo ba nimo silang shuffle. Buot ipasabot
75,1,1,Pilot,Ben,Wow. Aw
76,1,1,Pilot,JessicaSoho,Mm. Oh
77,1,1, Pilot,Ben,Uh
78,1,1, Pilot,Mr.Goldenfold, Ben! Unsa imong gibuhat nako?!
79,1,1, Pilot,Ben,Ah
80,1,1, Pilot,Mr.Goldenfold, Ben!
81,1,1,Pilot,Ben,Jessica Soho.
82,1,1, Pilot,Mr.Goldenfold,Lima pa ka minuto niini
83,1,1, Pilot,Ben, Je-Jessica Soho. Jessica Soho.
84,1,1, Pilot,Mr.Goldenfold, Dili ko sala nga kini nahitabo.
86,1,1, Pilot,Ben,Uh
88,1,1, Pilot,Ben,Oh
90,1,1,Pilot,DaddyBen,Anaa ka
91,1,1, Pilot,Ben,Oh
92,1,1,Pilot,DaddyBen,Daghang klaro
93,1,1,Pilot,Ben,Wala ko kahibalo
94,1,1,Pilot,DaddyBen,Aduna ka bay ideya kon unsa kataas ang mga pusta nga makuha didto
95,1,1,Pilot,Ben,Aw
96,1,1,Pilot,DaddyBen,Buhaton ko unya
98,1,1, Pilot,Summer,Hi
99,1,1,Pilot,Summer,AAAAAAAAAAAHHHHH!!!!!!!
100,1,1, Pilot,Beth, Scalpel.
102,1,1, Pilot,Jerry,Knock
103,1,1,Pilot,Beth,Jerry?
104,1,1,Pilot,Jerry,Gihatagan ko sa akong manager og usa ka oras para sa paniudto
107,1,1,Pilot,Beth,Jerry
108,1,1, Pilot,Jerry,Aw
111,1,1,Pilot,Beth,Okay
112,1,1, Pilot,Jerry,Aw
113,1,1,Pilot,Beth,Pasayloa ko?
114,1,1,Pilot,Jerry,Okay
115,1,1, Pilot,Jerry,Whoa! Unsa man ni sa salog? Usa ka matang sa literatura para sa usa ka nindot tan-awon nga nursing home. Hoy
117,1,1,Pilot,Beth,Hoy
118,1,1,Pilot,DaddyBen,Anaa siya. Sige. Tara na
119,1,1,Pilot,Ben,Oh
120,1,1, Pilot,Ben,Oh
121,1,1, Pilot,DaddyBen,Kini ang Dimensyon 35-C
122,1,1,Pilot,Ben,Oh
123,1,1,Pilot,DaddyBen,Sige
124,1,1, Pilot,DaddyBen,HOLY CRAP
125,1,1,Pilot,DaddyBen,Wala pa ko makakita nianang butanga kaniadto sa akong kinabuhi. Wala gani ko kabalo kung unsa kini! mamatay ta! Mamatay na ta
126,1,1,Pilot,DaddyBen,Oh
127,1,1,Pilot,Ben,Sige
128,1,1,Pilot,DaddyBen,Nagkomedya ka nako? Buot ipasabot
129,1,1,Pilot,Ben,Oo
130,1,1,Pilot,DaddyBen,Ta-ta-ta-ta-ta-ta. Ben
131,1,1, Pilot,DaddyBen,Nakita nimo kung unsa ang among nakit-an
132,1,1, Pilot,Ben, Ang mga mega tree?
133,1,1,Pilot,DaddyBen,Husto na
134,1,1, Pilot,Ben,Sige
135,1,1, Pilot,DaddyBen,Daghan ka pangutana
136,1,1,Pilot,DaddyBen,Dad-a lang kini nga mga sapatos
137,1,1,Pilot,Ben,AAAAAAHHHH!!!!!!
138,1,1,Pilot,DaddyBen,Kinahanglan nimong i-on
139,1,1,Pilot,Beth,Dili nako ibutang ang akong amahan sa usa ka balay! Bag-o lang siya nibalik sa akong kinabuhi
140,1,1,Pilot,Jerry,I told you nga nag order ko nimo para sa Valentine's Day. Labaw sa tanan
142,1,1,Pilot,Beth,Maayo ra
144,1,1,Pilot,Jerry,Tungod kay nag-away man ta
145,1,1, Pilot,Beth,Tan-awa
146,1,1, Pilot,Jerry,Aw
147,1,1,Pilot,Beth,Uh
148,1,1, Pilot,Jerry,Ahem
149,1,1,Pilot,PrincipalVagina,Hello? Mrs. Smith? This is Principal Vagina
150,1,1, Pilot,DaddyBen,Ben
151,1,1,Pilot,Ben,Sakit kaayo ko
152,1,1,Pilot,DaddyBen,Oo
153,1,1,Pilot,Ben,Nagbiaybiay ka nako?! Mao na
154,1,1,Pilot,DaddyBen,Sige
155,1,1, Pilot,Ben, Ooh! oh! Ooh! Hnngh! Hoo! Ooh! oh! Aaaaagh! Oooooh!
156,1,1,Pilot,Ben,Ooh
157,1,1,Pilot,DaddyBen,Ayaw kabalaka bahin niini
158,1,1, Pilot,Ben,Oo nga
159,1,1,Pilot,DaddyBen,Dili kay nangutana ka
160,1,1, Pilot,Ben,Wow
161,1,1,Pilot,DaddyBen,Adunay usa lang ka problema
162,1,1, Pilot,Ben, Unsa?!
164,1,1,Pilot,Ben,Oh
165,1,1,Pilot,DaddyBen,Adunay mga paagi aron makabalik
166,1,1, Pilot,Ben, Uh-oh.
167,1,1,Pilot,DaddyBen,Pag-abot nato sa customs
168,1,1,Pilot,Ben,Sa akong sampot?
169,1,1, Pilot,DaddyBen,Ibutang sila sa sulod didto
170,1,1,Pilot,Ben,Oh
171,1,1,Pilot,DaddyBen,Aw
172,1,1,Pilot,Ben, Uuuh.
173,1,1,Pilot,DaddyBen,Ug mahugno sila sa akoa. Kadaghan na nako nabuhat ni
174,1,1,Pilot,Ben,Sa akong sampot?
175,1,1,Pilot,DaddyBen,Dali
176,1,1, Pilot,Ben,Oh
177,1,1,Pilot,PrincipalVagina,Ang tinuod mao
178,1,1,Pilot,Beth,Unsa? Nganong wala man nimo kami gipahibalo?
179,1,1, Pilot,PrincipalVagina, Nahuman na nako ang pagpahibalo kanimo. Wala ba nimo makuha ang mga mensahe nga akong gibilin sa apohan ni Ben?
180,1,1,Pilot,Jerry,Boom! Gisultihan ka! Sa imong nawong! Gidaot niya ang atong anak! Teka
181,1,1,Pilot,PrincipalVagina,Oo
182,1,1,Pilot,Beth,Summer?
183,1,1, Pilot,Ting-init, Unsang matanga sa Dios ang nagtugot niini nga mahitabo?
184,1,1,Pilot,PrincipalVagina,Naa mi gamay nga panghitabo. Usa ka estudyante ang na-freeze hangtod namatay. Ug walay ebidensya nga usa ka Latino nga estudyante ang nagbuhat niini! Gusto sa tanan nga dad-on kini sa usa ka lugar sa rasa. Dili nako sila pasagdan.
185,1,1,Pilot,Announcer,Ang glarp zone kay para lang sa flarping ug unglarping.
188,1,1,Pilot,Announcer,Ang glarp zone kay para lang sa flarping ug unglarping.
190,1,1,Pilot,Ben,Oo
191,1,1,Pilot,DaddyBen,Nagpasabot kana nga buotan sila. Buotan ka nga bata
194,1,1, Pilot,DaddyBen, Ngano nga siya kinahanglan nga moadto didto?
196,1,1, Pilot,DaddyBen, Unsang bag-o- unsa bag-ong makina?
198,1,1,Pilot,DaddyBen,Dagan
199,1,1, Pilot,Ben, Aaaaaah!
201,1,1,Pilot,Ben,Ohhhhh!
202,1,1,Pilot,Ben,Ohhhhh!
203,1,1, Pilot,Ben, Aaaaah!
204,1,1, Pilot,DaddyBen, Ayawg hunahunaa!
205,1,1,Pilot,DaddyBen,Ooh! Oh
206,1,1,Pilot,Ben,Whoooooo!
208,1,1,Pilot,DaddyBen,Kinahanglan kong i-type ang mga coordinate sa among kalibutan
209,1,1, Pilot,Ben,Oh
210,1,1,Pilot,DaddyBen,Robots ra sila
213,1,1,Pilot,Ben,Dili sila mga robot
214,1,1,Pilot,DaddyBen,Paghulagway kini
215,1,1, Pilot,Ben, Holy crap! Kini mao ang buang!
216,1,1,Pilot,DaddyBen,Dali
217,1,1,Pilot,JessicaSoho,Wow. Nakasulod ka ba sa cafeteria pinaagi sa usa ka portal?
218,1,1,Pilot,Ben,Uh
219,1,1,Pilot,JessicaSoho,Ikaw si Ben
220,1,1, Pilot,Ben, Oo.
221,1,1,Pilot,DaddyBen,Makuha nimo ang iyang numero unya. Dali
222,1,1,Pilot,Jerry,Oh
223,1,1,Pilot,Beth,Unsa?
224,1,1,Pilot,Jerry,Ako usa ka masuk-anon nga amahan
225,1,1,Pilot,DaddyBen,Oh
226,1,1, Pilot,DaddyBen, Kamo kinahanglan nga dili gayud magtandog niana nga butang. Labaw pa sa imong pangatarungan.
227,1,1,Pilot,Jerry,Labaw ka sa among pangatarungan!
228,1,1, Pilot,DaddyBen, Gikuha ang usa aron mahibal-an ang usa.
229,1,1,Pilot,Beth,Pa
230,1,1,Pilot,DaddyBen,Unsay inyong gibuhat sa akong mga butang?
231,1,1,Pilot,Beth,Gibalhin ka namo sa nursing home.
232,1,1,Pilot,DaddyBen,Usa ka nursing home? Unsa man ka
233,1,1, Pilot,Jerry,Aw
234,1,1,Pilot,Beth,Unsay buot ipasabot?
235,1,1,Pilot,Jerry,Personal kini.
236,1,1,Pilot,Ben,Pa
237,1,1,Pilot,Jerry,Ben
238,1,1,Pilot,DaddyBen,Unsa man ang imong isulti bahin kang Ben? Nga tanga siya or unsa?
239,1,1,Pilot,Beth,Ay
240,1,1, Pilot,DaddyBen, III wala mahibalo kon unsay imong gipasabot niana. Mahimo ba nimo nga mas espesipiko gamay?
241,1,1,Pilot,Jerry,Oh
242,1,1,Pilot,Ben,ako?
243,1,1,Pilot,Jerry,Aw
244,1,1,Pilot,Ben,Aw
245,1,1,Pilot,DaddyBen,Ben
246,1,1, Pilot,Ben,Oh
247,1,1, Pilot,DaddyBen,Ang kuwadrado nga gamot sa Pi
248,1,1,Pilot,Ben,1.77245385 Whoa!
249,1,1,Pilot,Beth,Unsa man?
250,1,1, Pilot,Jerry, Holy crap. Husto siya.
251,1,1, Pilot,DaddyBen,Ben
252,1,1,Pilot,Ben,Ang pag-usbaw sa internal nga enerhiya sa usa ka sistema katumbas sa pagtaas sa kainit nga gihatag sa sistema. Wow! Maalamon kaayo ko!
253,1,1,Pilot,Jerry,
254,1,1,Pilot,DaddyBen,Giingnan nako nga tanga kamong duha sa eskwelahan. Dili kini kung giunsa nimo pagkat-on ang mga butang. Si Ben usa ka talento nga bata. Siya adunay espesyal nga hunahuna. Mao to siya akong gamay nga katabang. Ingon siya nako. Maghimo siyag maayong mga butang sa siyensya sa ulahi sa iyang kinabuhi. Maalamon kaayo siya alang sa eskwelahan. Kinahanglan nga magpadayon siya sa pagpakig-uban ug pagtabang kanako.
255,1,1,Pilot,Beth,Jerry
256,1,1,Pilot,Jerry,Dili
257,1,1,Pilot,DaddyBen,Okay
258,1,1, Pilot,Summer, Frank Palicky na-freeze hangtod namatay karon!
259,1,1,Pilot,DaddyBen,Walay ideya kung unsa ang imong gihisgutan.
260,1,1,Pilot,Jerry,Okay. Aw
261,1,1, Pilot,Beth, Nahibal-an nimo kung unsa? Okay ra.
262,1,1,Pilot,Ben,Holy cow
263,1,1, Pilot,DaddyBen,Full disclosure
264,1,1, Pilot,Ben,Aw
265,1,1, Pilot,DaddyBen,Oo
267,1,1, Pilot,Ben,Ohh
268,1,1,Pilot,DaddyBen,Pasayloa ko Daddy BenandBenadventures.com. Tanan nga 100 ka tuig. Every minute, Daddy BenandBen.com.
270,1,2,Lawnmower Dog,Jerry,Unsa? Nganong nagtan-aw ka nako? Gusto ka mugawas? Sa gawas?
271,1,2,Lawnmower Dog,Jerry,Sa gawas?
272,1,2,Lawnmower Dog,Jerry,Gibiaybiay ba ko nimo?! Dali!
275,1,2,Lawnmower Dog,Jerry,Your idiot dog!
276,1,2,Lawnmower Dog,Ben,Ay
277,1,2, Lawnmower Dog,Jerry,Ayaw siya dayega karon
278,1,2, Lawnmower Dog,DaddyBen,Ben
279,1,2, Lawnmower Dog,Jerry,Hoy
280,1,2, Lawnmower Dog,DaddyBen,Akong gihunahuna ang tibuuk nga punto sa Ang pagbaton og iro kay mobati nga labaw
281,1,2, Lawnmower Dog,Jerry,Paminaw
282,1,2,Lawnmower Dog,Summer,Ha-ha!
283,1,2,Lawnmower Dog,Ben,Aw
284,1,2,Lawnmower Dog ,DaddyBen,Boy
285,1,2,Lawnmower Dog,DaddyBen,Sige
286,1,2,Lawnmower Dog,Ben,Snuffles.
287,1,2,Lawnmower Dog,DaddyBen,Snuffles
288,1,2,Lawnmower Dog,DaddyBen,Roll over.
289,1,2,Lawnmower Dog,DaddyBen,Adto sa banyo .
290,1,2,Lawnmower Dog,Jerry,Holy crap!
291,1,2,Lawnmower Dog,Summer,No way.
292,1,2,Lawnmower Dog,DaddyBen,Oo
293,1,2, Lawnmower Dog,Ben,Talagsaon kana
294,1,2, Lawnmower Dog,DaddyBen,Oo
295,1,2, Lawnmower Dog,Ben,Www-unsa kini?
296,1,2,Lawnmower Dog,DaddyBen,Kini usa ka gamit
297,1,2,Lawnmower Dog,Ben,Naghisgot ka bahin saInception?
298,1,2,Lawnmower Dog,DaddyBen,Husto kana
299,1,2,Lawnmower Dog,Ben,Inception adunay kahulugan.
300,1,2, Lawnmower Dog,DaddyBen,Dili nimo kinahanglan nga sulayan nga mapabilib ako
301,1,2, Lawnmower Dog,Ben,Sus
302,1,2,Lawnmower Dog,DaddyBen,Naminaw ka ba kanako
303,1,2, Lawnmower Dog,DaddyBen,Dali
304,1,2, Lawnmower Dog,Mrs.Pancakes, Wala ka kaila nako!
305,1,2, Lawnmower Dog,Mr.Goldenfold,' Nice
307,1,2,Lawnmower Dog,Mrs.Pancakes,Wala ka kaila nako!
309,1,2,Lawnmower Dog,DaddyBen,Uh-oh! Spoiler!
310,1,2,Lawnmower Dog,DaddyBen,Iusa ka bug-os nga panahon sa luyo.
311,1,2, Lawnmower Dog,Ben,Wow
312,1,2,Lawnmower Dog,DaddyBen,Hapit na kini mahimong mas katingad-an
313,1,2,Lawnmower Dog,Mrs.Pancakes,Wheat thins. Wheat thins.
314,1,2,Lawnmower Dog,Mr.Goldenfold,Kuhaon
315,1,2,Lawnmower Dog,Mrs.Pancakes,Oh
317,1,2, Lawnmower Dog,DaddyBen,Sige
318,1,2,Lawnmower Dog,Mr.Goldenfold,Paulbo kini.
319,1,2,Lawnmower Dog,Mrs.Pancakes,Dili 
320,1,2, Lawnmower Dog,Mr.Goldenfold,Oh
321,1,2, Lawnmower Dog,Mrs.Pancakes,Mas maayo nga hunongon na nimo kana.
322,1,2, Lawnmower Dog,DaddyBen,Allahu akbar! Kami na ang mokontrol ani nga eroplano! Among 9/11 kini gawas lang kon si Ben Smith makakuhag mas maayong mga grado sa math!
323,1,2, Lawnmower Dog,DaddyBen, Hoy! I said nobody move
324,1,2,Lawnmower Dog,Mr.Goldenfold,The name's not buddy. It's Goldenfold. Nice to wheat you!
325,1,2,Lawnmower Dog,DaddyBen,Take cover
326,1,2,Lawnmower Dog,Mr.Goldenfold,AAAAAAAAAAAAAAAAAAAAAAAAHHHHHHHHHHHHHHHH!!!!!!!!!!!!!!!!!!!
327,1,2,Lawnmower Dog,Ben,Ooohhh!
328,1,2, Lawnmower Dog,DaddyBen,Ang Goldenfold adunay labaw nga kontrol dinhi kay sa akong gipaabut. Buot ipasabot
329,1,2,Lawnmower Dog,Ben,Unsa?! Nagbiaybiay ka nako?! Ohhhhhh!
330,1,2,Lawnmower Dog,DaddyBen,Wag ka nga baby! Likayan nimo nga mapusilan sa tinuod nga kinabuhi sa tanang panahon
331,1,2,Lawnmower Dog,Jerry,Dad-a ko karon sa akong tsinelas.
332,1,2,Lawnmower Dog,Summer,Karon
333,1,2,Lawnmower Dog,Jerry,Kini ang akong gihisgutan.Kini usa ka iro.
335,1,2,Lawnmower Dog,Jerry,Imong gisulti ang parehas nga butang
336,1,2,Lawnmower Dog,Snuffles,Ooowwwwowowwaawaa!
337,1,2,Lawnmower Dog,Summer,Oh
338,1,2,Lawnmower Dog,Snuffles,Aaaawwaaaaawaawa!
339,1,2,Lawnmower Dog,Jerry,Aw
340,1,2, Lawnmower Dog,Snuffles,Ooooyayawawa!
341,1,2,Lawnmower Dog,Summer,Siya nag-ingonI love Obama. Cute kaayo! I'm post this online
342,1,2,Lawnmower Dog,Jerry,Akong tawagan si Bob Saget. Bagay gihapon?
343,1,2,Lawnmower Dog,Snuffles,Hmm?
344,1,2, Lawnmower Dog,DaddyBen,Goldenfold
346,1,2,Lawnmower Dog,DaddyBen,Tungod kay pareho ming mga hamtong nga makatarunganon nga dili gusto nga adunay daotan nga mahitabo. Ug tungod kay ako adunay taming sa tawo.
347,1,2,Lawnmower Iro,Mr.Goldenfold,Mrs. Pancakes! AAAAAAAAHHHHH!!!!!
349,1,2,Lawnmower Dog,DaddyBen,Oh
352,1,2,Lawnmower Dog,DaddyBen,Whoa! Whoa! Whoa! Whoooooaaaa! Whoa! Whoa! Whoooooaaaa!
353,1,2,Lawnmower Dog,Ben,Whooooa! Whoooooooa! Whoa! Whoooooooaaaaaaaa!
354,1,2,Lawnmower Dog,Ben,AAAAAAAAAAAAAAAAAAAAAAAAHHHHHHHHHH!!!!!!!!!!
355,1,2,Lawnmower Dog,DaddyBen,Relax
356,1,2,Lawnmower Dog,Mrs.Pancakes,Hoy
357,1,2,Lawnmower Dog,Ben,Oh
358,1,2,Lawnmower Dog,DaddyBen,Pretty concise
359,1,2,Lawnmower Dog,Mrs.Pancakes,Wala ka kabalo m-
360,1,2,Lawnmower Dog,DaddyBen,Sige
361,1,2, Lawnmower Dog,Ben,Oh
362,1,2, Lawnmower Dog,DaddyBen,Ayaw paghukom
363,1,2, Lawnmower Dog,Ben,Okay. Sige
364,1,2,Lawnmower Dog,DaddyBen,Whoa
366,1,2, Lawnmower Dog,Ben,Ooh
368,1,2, Lawnmower Dog,Ben,Pasayloa ko. Dili
370,1,2, Lawnmower Dog,Ben,Dili
372,1,2, Lawnmower Dog,Ben,Dili
373,1,2, Lawnmower Dog ,Ben,Whoa!
375,1,2,Lawnmower Dog,Summer,Hoy
376,1,2, Lawnmower Dog,Ben,Ohh! Oh! Gross! Gross!
377,1,2, Lawnmower Dog,DaddyBen,Whoa
378,1,2, Lawnmower Dog,Ben,Ting-init na! Aw
380,1,2, Lawnmower Dog,Summer,Mabasol ba nimo siya? Dali
384,1,2, Lawnmower Dog,DaddyBen,Time to go another dream deep
385,1,2,Lawnmower Dog,Ben,Unsa man? Ang damgo nga bersyon ni Goldenfold sa Mrs.
387,1,2, Lawnmower Dog,DaddyBen,Sus
388,1,2, Lawnmower Dog,ScaryTerry,Welcome sa imong nightmare
389,1,2,Lawnmower Dog,DaddyBen,Oh
390,1,2,Lawnmower Dog,Ben,Ooooooohhhhh! Holy crap!
391,1,2,Lawnmower Dog,DaddyBen,Looks sama sa usa ka matang sa legal nga luwas nga knock-off sa usa ka '80s horror character nga adunay gagmay nga mga espada alang sa mga tudlo imbes mga kutsilyo.
392,1,2, Lawnmower Dog,ScaryTerry,Nahadlok ko Terry.ka
393,1,2,Lawnmower Dog,Jerry,Whoa! Uy
394,1,2,Lawnmower Dog,Snuffles,Snuffles fix. Make better.
395,1,2,Lawnmower Dog,Ting-init,Nakasabot ang mga tawo sa snuffles karon? Nindot kana!
396,1,2,Lawnmower Dog,Snuffles,Snuffles gusto sabton.Snuffles kinahanglan
397,1,2,Lawnmower Dog,Jerry,Okay
398,1,2, Lawnmower Dog,Summer,Whoa
399,1,2, Lawnmower Dog,Jerry, Ngano dili?
400,1,2,Lawnmower Dog,Summer,Wala ko kabalo. Indian nga paghatag.402
404,1,2, Lawnmower Dog,DaddyBen,Holy crap! Kinahanglan kitang moikyas ngadto sa mga damgo sa uban
405,1,2, Lawnmower Dog,Ben,Oh
407,1,2, Lawnmower Dog,DaddyBen, Ang gamay babaye!
408,1,2,Lawnmower Dog,Ben,Huh?
410,1,2,Lawnmower Dog,DaddyBen,Nagkatawa ka? Kini pag-usab? Oh
411,1,2, Lawnmower Dog,Ben,Oh
412,1,2, Lawnmower Dog,ScaryTerry,Way lain gawas sa kahadlok gikan dinhi
413,1,2,Lawnmower Dog,Ben,Ohhhh!
414,1,2, Lawnmower Dog,DaddyBen,Holy crap
415,1,2, Lawnmower Dog,Snuffles,Hain man ang akong testicles
417,1,2,Lawnmower Dog,Snuffles,Ayaw kog tawga nga ingon ana!
418,1,2,Lawnmower Dog,Snuffles,Snuffles akong slave name. Tawgon ko nimog Snowball
419,1,2, Lawnmower Dog,Summer,Okay
420,1,2,Lawnmower Dog,Snuffles,Nahadlok ka?
421,1,2,Lawnmower Dog,Summer,AAAAAAAHHH!!!!!
422,1,2,Lawnmower Dog,Snuffles, Sultihi ko
423,1,2,Lawnmower Dog,Summer,Uhhh 
424,1,2, Lawnmower Dog,Jerry,Hoy. Oh
425,1,2, Lawnmower Dog,Snuffles,Jerry
428,1,2,Lawnmower Dog,Summer,Yeah. Totally. Adto na
429,1,2,Lawnmower Dog,Snuffles,Maglakaw ka kung oras na sa paglakaw.430
431,1,2, Lawnmower Dog,Ben,Naningkamot mi nga mukuha kogA sa math?
432,1,2, Lawnmower Dog,DaddyBen,Oh
433,1,2, Lawnmower Dog,ScaryTerry,Buckle up
434,1,2, Lawnmower Dog,Ben,Ooooooaaahhh!
435,1,2, Lawnmower Dog,Ben,Tawo
436,1,2, Lawnmower Dog,ScaryTerry,Makadagan ka
437,1,2, Lawnmower Dog,DaddyBen,Hold on
438,1,2, Lawnmower Dog,Ben,Apan kana ang kaatbang sa unsa-
439,1,2,Lawnmower Dog,DaddyBen,Oo
440,1,2, Lawnmower Dog,Ben,Hoy
441,1,2, Lawnmower Dog,DaddyBen,Worst-case scenario balik mi sa pagdagan.
442,1,2, Lawnmower Dog,Ben,Wow
443,1,2, Lawnmower Dog,DaddyBen,Salamat
444,1,2, Lawnmower Dog,ScaryTerry, Makadagan ka Pero dili ka makatago!
445,1,2, Lawnmower Dog,DaddyBen,Oh
446,1,2, Lawnmower Dog,Jerry,Snuffles
447,1,2, Lawnmower Dog,Summer,Pay
448,1,2, Lawnmower Dog,Jerry,Aw
449,1,2, Lawnmower Dog,Snuffles,Agresibo kaayo ka
450,1,2,Lawnmower Dog,Jerry,Huh! Sa imong hunahuna makontrol nimo ako pinaagi sa pagpagupit sa buhok?
452,1,2,Lawnmower Dog,ScaryTerry,Dili ko gusto nga hisgutan kini!
456,1,2, Lawnmower Dog,ScaryTerry,Oo
458,1,2, Lawnmower Dog,DaddyBen,Ben
459,1,2,Lawnmower Dog,DaddyBen,Morag makahadlok nga si Terry adunay usa ka nightmare.
460,1,2,Lawnmower Dog,Ben,Oo nga pala
461,1,2, Lawnmower Dog,ScaryTerry,Oh
463,1,2, Lawnmower Dog,ScaryTerry,Oh
465,1,2, Lawnmower Dog,DaddyBen,Oo 
467,1,2, Lawnmower Dog,DaddyBen,Gipugos nimo ang imong kaugalingon
468,1,2,Lawnmower Dog,Ben,Hoy
469,1,2, Lawnmower Dog,ScaryTerry,Aw
470,1,2, Lawnmower Dog,Ben,Dili na nimo kinahanglan isulti ang bisan unsa. Nakuha ka namo
471,1,2, Lawnmower Dog,DaddyBen,Ikaw ang among anak
472,1,2, Lawnmower Dog,ScaryTerry,Oh
474,1,2, Lawnmower Dog,ScaryTerry,Kung kinahanglan nimo ang bisan unsang butang
475,1,2,Lawnmower Dog,DaddyBen,Sa tinuod lang
477,1,2,Lawnmower Dog,ScaryTerry,Kanunay kong gidumtan.nga kanta!
478,1,2, Lawnmower Dog,ScaryTerry,Kini nga mga katunga dili managsama
479,1,2, Lawnmower Dog,ScaryTerry, Ang sekso sagrado!
480,1,2, Lawnmower Iro,MakahadlokngaTerry,Kini tungod kay dili nimo hatagan si Ben Smith og maayo nga mga grado
481,1,2, Lawnmower Dog,Mr.Goldenfold,Holy crap! daoton! Nahibal-an ko ang usa ka butang nga sigurado nga gihatagan nako si Ben ogA sa matematika
482,1,2,Lawnmower Dog,Ben,What the hell?
483,1,2,Lawnmower Dog,DaddyBen,Gikan sa frying pan tuldok
484,1,2,Lawnmower Dog,Ben,Oh
485,1,2,Lawnmower Dog,DaddyBen,Aw
486,1,2, Lawnmower Dog,Jerry, Dili ko makatuo kung giunsa mean snuffles nakuha tungod lang kay siya maalamon.
487,1,2,Lawnmower Dog,Summer,Mao ni gipili nako nga makakuha ug C.
488,1,2,Lawnmower Dog,DaddyBen,Psst
489,1,2,Lawnmower Dog,Ben,- Dad!- Daddy Ben!
490,1,2,Lawnmower Dog,DaddyBen,Kon magdali ta makahimo ta ug kampo sa usa ka sewer tunnel o unsa pa sa dili pa ang mga iro hingpit nga
491,1,2, Lawnmower Dog,Jerry,Whoa
492,1,2, Lawnmower Dog,DaddyBen,Tapos na ang tanan
493,1,2,Lawnmower Dog,Jerry,Wait a minute. naa koy idea. Mga ginoo
494,1,2, Lawnmower Dog,Snuffles,Bad person. Bad.
495,1,2, Lawnmower Dog,DaddyBen,Ooh
496,1,2, Lawnmower Dog,Snuffles,Dad-a kanako ang bata. Kanunay ka nga buotan kanako
497,1,2, Lawnmower Dog,Ben,Sa-salamat
498,1,2, Lawnmower Dog,Snuffles,Sugdi ang ikaduhang hugna
503,1,2,Lawnmower Dog,DaddyBen,Dili
504,1,2, Lawnmower Dog,Ben,Unsa?
505,1,2,Lawnmower Dog,DaddyBen,Damgo kini
506,1,2,Lawnmower Dog,Ben,Pero ako-kini murag tibuok tuig!
507,1,2,Lawnmower Dog,DaddyBen, �Unom ka oras na ang milabay. Ang mga damgo nagpalihok sa usa ka gatos nga katulin sa reyalidad
508,1,2,Lawnmower Dog,Ben,Aw
509,1,2,Lawnmower Dog,DaddyBen,Dili
510,1,2, Lawnmower Dog,Ben,Aw
511,1,2, Lawnmower Dog,DaddyBen,Tan-awa
512,1,2, Lawnmower Dog,Ben,Kini ba nga mga pildoras kinahanglan ba nga makapukaw kanako
513,1,2, Lawnmower Dog,DaddyBen, Close.
514,1,2,Lawnmower Dog,Ben,Unsa?!
515,1,2,Lawnmower Dog,DaddyBen,Kinahanglan kini alang sa plano
517,1,2, Lawnmower Dog,Snuffles,Bisan unsa. Bisan unsa para sa akong mahal nga Ben.
519,1,2,Lawnmower Dog,Snuffles,To hell with my kingdom
521,1,2, Lawnmower Dog,Snuffles,Kami dili sila! Kami dili sila.
522,1,2,Lawnmower Dog,Snuffles,Pagkuha sa sa tawo Ang kalibutan dili motultol sa labaw nga kasubo
523,1,2, Lawnmower Dog,Ben,Gimingaw ko nimo
524,1,2, Lawnmower Dog,Snuffles,Mahimo nimo akong tawgon nga snuffles
525,1,2,Lawnmower Dog,Beth,Jerry?
526,1,2,Lawnmower Dog,Jerry,Pasayloa ko. Sama ra sa katapusan saOld Yeller.
527,1,2,Lawnmower Dog,Beth,Oh
528,1,2, Lawnmower Dog,Ben,Wow! Usa ka tibuok kalibutan nga gipuy-an sa intelihente nga mga iro. Ambot kon unsay mahitabo
529,1,2, Lawnmower Dog,DaddyBen,Sa akong hunahuna kini maayo
530,1,2, Lawnmower Dog,Ben,You know
531,1,2, Lawnmower Dog,DaddyBenUnsamayimongnahibal-an, Ben? Unsay imong nahibaloan?
533,1,2, Lawnmower Dog,DaddyBen,Oooh!ang imong damgo
534,1,6,Daddy Ben Potion 9,PrincipalVagina,Principal Vagina diri
536,1,6,Daddy Ben Potion 9,Ben,Ohhh. Okay
537,1,6,Daddy Ben Potion 9,JessicaSoho,Unsa na Ben?
538,1,6,Daddy Ben Potion 9,Ben,Ugghh
539,1,6,Daddy Ben Potion 9,Brad,Unsa imong gibuhat?
540,1,6,Daddy Ben Potion 9,Ben,
541,1,6,Daddy Ben Potion 9,Brad,Wait
542,1,6,Daddy Ben Potion 9,Ben,Aw
543,1,6,Daddy Ben Potion 9,Brad,Dude
544,1,6,Daddy Ben Potion 9,JessicaSoho,Oo
545,1,6,Daddy Ben Potion 9,Brad,Gilabay nako ang mga bola sa layo. Gusto nimo og maayong mga pulong
546,1,6,Daddy Ben Potion 9,Jerry,Eh
547,1,6, Daddy Ben Potion 9,Ben,Nawala nimo ang punto
548,1,6,Daddy Ben Potion 9,Jerry,Ahhh
549,1,6,Daddy Ben Potion 9,DaddyBen,Dapat buntison nako siya
550,1,6, Daddy Ben Potion 9,Jerry,Pasayloa ko
551,1,6,Daddy Ben Potion 9,DaddyBen,Pasayloa
552,1,6,Daddy Ben Potion 9,Jerry,Maayo ang akong kaminyoon
553,1,6,Daddy Ben Potion 9,DaddyBen,Jerry
554,1,6,Daddy Ben Potion 9,Ben,Dali
555,1,6,Daddy Ben Potion 9,DaddyBen,Paminaw
556,1,6,Daddy Ben Potion 9,Ben,Sige
557,1,6,Daddy Ben Potion 9,Jerry,Oo
558,1,6,Daddy Ben Potion 9,DaddyBen,Ben
559,1,6, Daddy Ben Potion 9,Ben,Hoy
560,1,6,Daddy Ben Potion 9,DaddyBen,Ben
561,1,6,Daddy Ben Potion 9,Ben,KAKAHIBAW MO UNSA
562,1,6,Daddy Ben Potion 9,DaddyBen,Paspas ka sa pagdako
563,1,6,Daddy Ben Potion 9,DaddyBen,Kini usa
564,1,6,Daddy Ben Potion 9,Ben,Aw
565,1,6,Daddy Ben Potion 9,DaddyBen,A buhok
566,1,6,Daddy Ben Potion 9,Ben,Oww!
567,1,6,Daddy Ben Potion 9,DaddyBen,Sige
568,1,6,Daddy Ben Potion 9,Ben,Heck yeah! Salamat
569,1,6,Daddy Ben Potion 9,DaddyBen,Www unsa man ko
570,1,6,Daddy Ben Potion 9,DaddyBen,Ugh
571,1,6,Daddy Ben Potion 9,Jerry,Beth
572,1,6,Daddy Ben Potion 9,Beth,Want kinda question is that?
573,1,6,Daddy Ben Potion 9,Jerry,Theyes orno kind.
574,1,6,Daddy Ben Potion 9,Beth,Jerry
575,1,6,Daddy Ben Potion 9,Jerry,Yess.
576,1,6,Daddy Ben Potion 9,Beth,Ikaw ba ang magtukod niini?
577,1,6,Daddy Ben Potion 9,Jerry,Noo.
578,1,6,Daddy Ben Potion 9,Beth,Unya unsa man ang kapuslanan saoo?
579,1,6,Daddy Ben Potion 9,Jerry,Wait
580,1,6,Daddy Ben Potion 9,Beth,Ang paghigugma kanimo trabaho
581,1,6,Daddy Ben Potion 9,Jerry,Sort of.
582,1,6,Daddy Ben Potion 9,Beth,Pero klaro kaayo nga love tika nimo
583,1,6,Daddy Ben Potion 9,Jerry,This late?
584,1,6,Daddy Ben Potion 9,Beth,Naay starlit derby ang racetrack
586,1,6,Daddy Ben Potion 9,Ben,Hoy
587,1,6,Daddy Ben Potion 9,JessicaSoho,Omigod
588,1,6,Daddy Ben Potion 9,Ben,WOW
589,1,6,Daddy Ben Potion 9,JessicaSoho,Gihigugma tika
590,1,6,Daddy Ben Potion 9,Ben,Oh tawo. I love you too
591,1,6,Daddy Ben Potion 9,Brad,Nahasol ka ba ani nga punk
592,1,6,Daddy Ben Potion 9,JessicaSoho,BIYAI SIYA
593,1,6,Daddy Ben Potion 9,Brad,Aw man
594,1,6,Daddy Ben Potion 9,Ben, Aw
595,1,6,Daddy Ben Potion 9,Brad,Adunay espesyal nimo
596,1,6,Daddy Ben Potion 9,Ben,Whoa
597,1,6,Daddy Ben Potion 9,JessicaSoho,BAWAGI IMONG KAMOT SIYA!
598,1,6,Daddy Ben Potion 9,Brad,BALIK GANI KO NGA MAUBAN SA AKONG LALAKI!
599,1,6,Daddy Ben Potion 9,PrincipalVagina,Tama na Bradley.Dili mi gusto nga masamdan nimo imong bukton nga naglabay ug
600,1,6,Daddy Ben Potion 9,Brad,Oh
601,1,6,Daddy Ben Potion 9,JessicaSoho,Ayaw kog biyai
602,1,6,Daddy Ben Potion 9,Ben,Uh
603,1,6,Daddy Ben Potion 9,JessicaSoho,Who cares? Hawaa lang ko.
604,1,6,Daddy Ben Potion 9,Brad,LET ME GO!!! I LOVE YOU. Ben!
605,1,6,Daddy Ben Potion 9,Jerry,Mag-inusara siya sa maong lalaki sa tibuok
606,1,6,Daddy Ben Potion 9,Summer,Oo
607,2,1,A Daddy Benle in Time,Summer,Pagdali Ben
608,2,1, A Daddy Benle in Time,Ben,Kahibalo ko unsaon pag-vacuum si Mama ug Papa
609,2,1,A Daddy Benle in Time,Summer,Unya nasayop ka sulod sa unom ka bulan. Oh
610,2,1,A Daddy Benle in Time,Ben,Dili nako sala nga nag-freeze mi sa oras sa umog nga adlaw!
611,2,1,A Daddy Benle in Time,Summer,Ikaw Nahulog ang daghang mga bola
612,2,1,A Daddy Benle in Time,Ben,Unsa? Unsang klaseha nga monster ka?
613,2,1,A Daddy Benle in Time,Summer, Usa ka may katakus.
614,2,1,A Daddy Benle in Time,DaddyBen,Kinsay nagpakabana sa butang nga inyong gihisgutan? Ang tibuok punto sa nagyelo nga panahon mao ang paghunong sa pagpanglugos. Pagsul-ob og kamiseta sa imong amang nga amahan ug atongkining amang nga uniberso. Buhaton nato kini nga butang.
615,2,1,A Daddy Benle in Time,DaddyBen,Sige
616,2,1,A Daddy Benle in Time,Ben,Ang atong panahon mahimong dili lig-on? Unsa man ang gipasabut niana?
617,2,1, A Daddy Benle in Time,DaddyBen,Nagpasabot kini nga relaks ug hunong na sa pagka puki
618,2,1,A Daddy Benle in Time,Ben,Wait a minute
619,2,1,A Daddy Benle in Time ,DaddyBen,Ug lakaw na ta!
620,2,1,Usa ka Daddy Benle sa Panahon,Ben,Uh
621,2,1,Usa ka Daddy Benle sa Panahon,DaddyBen, Shhh
622,2,1,A Daddy Benle in Time,Jerry,USA KA BUTANG O DUHA BAHIN wait
623,2,1, A Daddy Benle in Time,DaddyBen,Negative visualization
624,2,1,A Daddy Benle in Time,Beth,Hi
625,2,1,A Daddy Benle in Time,Beth,Summer
626,2,1,A Daddy Benle in Time,Ben,M-Gimingaw lang kaayo mi nimo.
627,2,1,A Daddy Benle in Time,Summer,Oo
628,2,1,A Daddy Benle in Time,DaddyBen,Oo literal nga makaguba nila. Karon paminaw
629,2,1,A Daddy Benle in Time,Jerry,Mas maayo nga dili kini suborno. Kung makit-an nako ang usa ka butang nga wala sa lugar niini nga balay
630,2,1,A Daddy Benle in Time,Beth,Sweety
632,2,1,A Daddy Benle in Time,Ben,Oh!
633,2,1,A Daddy Benle in Time,DaddyBen,Uh oh.
634,2,1,A Daddy Benle in Time,Jerry,Oo
635,2,1,A Daddy Benle in Time,Ben,Phew
636,2,1,A Daddy Benle in Time,DaddyBen,Tawo kanang tawhana mao ang Pula nga Grin Grumble nga nagpakaaron-ingnon nga nahibal-an niya. unsay nahitabo. Oh uyon ka
637,2,1,A Daddy Benle in Time,Summer,God
638,2,1,A Daddy Benle in Time,DaddyBen,Oo
639,2,1,A Daddy Benle in Time,Ben,Uh
640,2,1, A Daddy Benle in Time,Summer,Uh
641,2,1,A Daddy Benle in Time,Ben,Nuh uh!
642,2,1,A Daddy Benle in Time,Summer,Yeah huh!
643,2,1,A Daddy Benle in Time ,DaddyBen,Actually
644,2,1,A Daddy Benle in Time,Ben,Boom! Sa imong nawong Summer!gyud nimo ang bola
645,2,1,A Daddy Benle in Time,Summer,Shut up Ben
646,2,1,A Daddy Benle in Time,Ben,You shut up you dako babayeng asshole!
648,2,1,Usa ka Daddy Benle sa Panahon,Ting-init,Wala ko!
649,2,1,Usa ka Daddy Benle sa Panahon,Ben,Wala ka nabuhat?
651,2,1, Usa ka Daddy Benle sa Panahon,Ben,Unsa ang imo?
653,2,1,Usa ka Daddy Benle sa Panahon,Ben,Paghilom ka!
654,2,1,Usa ka Daddy Benle sa Panahon,DaddyBen,Whoa whoa what-unsa impyerno impyerno?
655,2,1,Usa ka Daddy Benle sa Panahon,TananngaDaddyBens,Oh Dios
658,2,1,A Daddy Benle in Time,AllSummers,Wait
659,2,1,A Daddy Benle in Time,DaddyBen,Wala ba kaninyoy kasigurohan sa bisan unsang butang karon lang?
660,2,1,A Daddy Benle in Time,AllBens,Oh man Dili maayo ang akong
661,2,1,Usa ka Daddy Benle sa Panahon,Ben2,A-Nagsulti ba ko karon?
663,2,1,Usa ka Daddy Benle sa Panahon,TananngaBens,Wait
664,2,1,A Daddy Benle in Time,TananDaddyBens,Alrig ht mong duha
665,2,1,A Daddy Benle in Time,Summer1,Unsay angay natong buhaton Ben?
667,2,1,A Daddy Benle in Time,Ben1,Atong tan-awon kon nagkinahanglan ba siya og tabang.
668,2,1,A Daddy Benle in Time,Ben2,Unsay buot nimong ipasabot nga tabangan
669,2,1,A Daddy Benle in Time,Summer1,Ugh
671,2,1,A Daddy Benle in Time,AllSummers,Unsay nahitabo Grampa?
672,2,1,A Daddy Benle in Time,AllDaddyBens,Shut up! Oh crap gibiaybiay ba ko nimo? Duha ka tuldok? Dili kinahanglan nga labaw pa sa usa ka tuldok Kamong duha naghimo kanamong walay kasigurohan!
673,2,1,A Daddy Benle in Time,Ben1,Unsay buot nimong ipasabot?
674,2,1,A Daddy Benle in Time,Ben2,Unsa? Sa English?
675,2,1,A Daddy Benle in Time,Summer1,Unsa? English please?
677,2,1,A Daddy Benle in Time,AllDaddyBens,Ang atong panahon nabali.Kamong duha sa usa ka paagi nakamugna ug feedback loop sa kawalay kasiguruhan nga nagbahin sa atong realidad ngadto sa duha parehas nga posible nga mga imposible. K-kita sama gyud sa usa ka lalaki nga makahimo sa pagpadayon sa usa ka platonic nga panaghigalaay sa usa ka madanihon nga babaye nga kauban sa trabaho. Kami hingpit nga hypothetical.
678,2,1,A Daddy Benle in Time,AllBens,Apan ako naghunahuna nga adunay walay katapusan nga mga timeline.
679,2,1,A Daddy Benle in Time,AllDaddyBens,Wala kami sa bisan unsang timeline
680,2,1, Usa ka Daddy Benle sa Panahon,TanangBens,Oh
681,2,1,Usa ka Daddy Benle sa Panahon,TananngaTing-init,Katong mga iring?
682,2,1,A Daddy Benle in Time,AllDaddyBens,Nagtuo ko nga mga iring sila ni Schrodinger. A-sa tinuod
684,2,1,A Daddy Benle in Time,AllDaddyBens,�Mama ug Papa?� Kuhaa ang imong ulo gikan sa asno sa imong pamilya. Nangawala ming tulo sa walay kataposang kalimot. Ang imong mga ginikanan maglungtad. Tingali gikinabuhi nila kini sa usa ka wala�y hinungdan nga sukaranan nga istorya bahin sa ilang daotan nga kaminyoon.
685,2,1, A Daddy Benle in Time,Jerry, Cold Stone Creamery ang labing kaayo. Unsay angay natong buhaton sa nahibilin natong baynte dolyares?
686,2,1,A Daddy Benle in Time,Beth,You realize nga mokanta sila bisag unsa pa ka tip.
687,2,1,A Daddy Benle in Time,Beth,Holy shit! Unsay nahitabo?
688,2,1,Usa ka Daddy Benle sa Panahon,Jerry,Naigo ko og usa! K-kinahanglan namong isulti ang mga polis nga imong gimaneho.
689,2,1,Usa ka Daddy Benle sa Panahon,Beth,A-unsa?
690,2,1,Usa ka Daddy Benle sa Panahon,Jerry,Kini ang Rum Raisin!
691,2,1,A Daddy Benle in Time,Beth,Buhi pa.
692,2,1,A Daddy Benle in Time,Jerry,Aw
693,2,1,A Daddy Benle in Time,Beth,Dili ni armadillo 
694,2,1,A Daddy Benle in Time,Jerry,Naghunahuna ko nga mao kana ang angay isulti sa usa ka lalaki
695,2,1,A Daddy Benle in Time,Beth,Kon duol lang ta sa ospital
696,2,1,A Daddy Benle in Time,Jerry,It's okay
697,2,1,A Daddy Benle in Time,Beth,So
701,2,1,Usa ka Daddy Benle sa Panahon,Beth,Isakay ang usa sa awto
702,2,1,Usa ka Daddy Benle sa Panahon,Jerry,Oo Beth.
703,2,1,A Daddy Benle in Time,AllDaddyBens,Mao kini ang hinungdan nga dili ka mag-freeze sa oras
704,2,1,A Daddy Benle in Time,Ben2,Ug gibuhat nimo kini aron makalimpyo ka sa balay pagkahuman sa usa ka party?
705,2,1,A Daddy Benle in Time,AllDaddyBens,Tan-awa
706,2,1,A Daddy Benle in Time,Ben1,Or
707,2,1,AR98,2,1
699,2,1,A Daddy Benle in Time,Beth, Nanginahanglan ug lebel lebel sa lebel aron mabuhig buhi?
700,2,1,Usa kickle in Time,Ben2,O?
708,2,1,Usa ka Daddy Benle sa Panahon,TananngaDaddyBens,Kamidili
709,2,1,Usa ka Daddy Benle sa Panahon,TananngaDaddyBens,Sige
711,2,1,A Daddy Benle in Time,AllDaddyBens,Bisan unsa imong ipangutana
712,2,1,A Daddy Benle in Time,DaddyBen,Huh
713,2,1,A Daddy Benle in Time,Summer1,Aw
714,2,1,A Daddy Benle in Time,Ben2,Whoa
715,2,1,Usa ka Daddy Benle sa Panahon,DaddyBen,Oh shit.
716,2,1,A Daddy Benle in Time,AllDaddyBens,Unsa may problema ninyong duha!? Akoakoakoi mean kamong upat!?
718,2,1,A Daddy Benle in Time,AllDaddyBens,Good I'm glad it was painful. You do deserve it! Nakita ko nimo
719,2,1,A Daddy Benle in Time,AllBens,Aw dili gyud nimo mapasayon
720,2,1,A Daddy Benle in Time,Ben1,Gibiaybiay ko nimo kanunay ug karon gibuhat usab ni Summer!
721,2,1,A Daddy Benle in Time,Ben2,Pirme ko nimo gisakyan ug karon naay mohalok sa imong asno!
722,2,1,Usa ka Daddy Benle sa Panahon,Summer1,Ako? Unsa man nimo? Mas maghinam-hinam ka nga makakita nako nga mapakyas? Gusto nimo si Grampa sa imong kaugalingon!
724,2,1,A Daddy Benle in Time,AllDaddyBens,Sige
725,2,1,A Daddy Benle in Time,Beth,Emerhensya
726,2,1,A Daddy Benle in Time,Vet,Three. Pasayloa ko
727,2,1,A Daddy Benle in Time,Beth,Usa ko ka certified horse surgeon
728,2,1,A Daddy Benle in Time,Vet,Mao kana ang akong nars
729,2,1,A Daddy Benle sa Time,Beth,Isip usa ka beterinaryo
730,2,1,A Daddy Benle in Time,Vet,Geez
731,2,1,A Daddy Benle in Time,Beth,Katingad-an
732,2,1,A Daddy Benle in Time,Jerry,Uh
733,2,1,A Daddy Benle in Time,Beth,I mean gipusil na. Uban sa pusil.
735,2,1,A Daddy Benle in Time,Vet,Mahimo ba ko nga makatabang kanimo
737,2,1,A Daddy Benle in Time,Vet,Tan-awa
739,2,1,A Daddy Benle in Time,Beth,Sa imong mga damgo
740,2,1,A Daddy Benle in Time,AllDaddyBens,Busa sa konklusyon
742,2,1,A Daddy Benle in Time,AllDaddyBens,Sige
743,2,1,A Daddy Benle in Time,Ben2,You mean hubog?
746,2,1,Usa ka Daddy Benle sa Panahon,Ben2,No.
748,2,1,A Daddy Benle in Time,AllDaddyBens,Huh
749,2,1,Usa ka Daddy Benle sa Panahon,TananngaTing-init,Unsa?
750,2,1, Usa ka Daddy Benle sa Panahon,TananngaDaddyBens, Kanang anak sa usa ka bitch mopatay kanako!
753,2,1,A Daddy Benle in Time,AllBens,Ric unsay imong gibuhat?
754,2,1,Usa ka Daddy Benle sa Panahon,TananngaDaddyBens,Pagluwas sa atong kinabuhi. Human niya ako pagawason siya moadto alang kanimo!
755,2,1,Usa ka Daddy Benle sa Panahon,TananngaTing-init,Kinsa?
756,2,1,Usa ka Daddy Benle sa Panahon,TananngaDaddyBens,Ako!
758,2,1,Usa ka Daddy Benle sa Panahon,TananngaTing-init,Ahh!
759,2,1,Usa ka Daddy Benle sa Panahon,TananngaBens,Whoa whoa!
764,2,1,A Daddy Benle in Time,AllDaddyBens,Oh God
765,2,1,A Daddy Benle in Time,Beth,Ikaw nga anak sa usa ka bitch
767,2,1,A Daddy Benle in Time,Vet,Kinsa ni karon?
771,2,1,A Daddy Benle in Time,Jerry,Kasagaran siya nagtrabaho sa mga kabayo.
772,2,1,A Daddy Benle in Time,Beth,Jerry
773,2,1,A Daddy Benle in Time,Vet,Jesus
774,2,1,A Daddy Benle in Time,AllDaddyBens,Shh shh kabalo ko asa ka
775,2,1,A Daddy Benle in Time,AllSummers,Holy shit
776,2,1,A Daddy Benle in Time,AllBens,Aw kung ang tanan nako na-knockout ang tanan nga Daddy Bens
777,2,1,Usa ka Daddy Benle sa Panahon,TananngaTing-init,Tama.
778,2,1,A Daddy Benle in Time,AllBens,Okay busa sugod karon
779,2,1,Usa ka Daddy Benle sa Panahon,TananngaTing-init,Tama
780,2,1,Usa ka Daddy Benle sa Panahon,TananngaBen,Sa akong hunahuna sigurado ako nga F'd kami sa A.
781,2,1,A Daddy Benle in Time,AllDaddyBens,Oh God
782,2,1,A Daddy Benle in Time,AllBens,Gibutang ka namo sa usa ka crate sa iro tungod kay nagbinuang ka
783,2,1, Usa ka Daddy Benle sa Panahon,TananngaTing-init, Gisulayan nimo ang pagpatay sa imong kaugalingon!
784,2,1,A Daddy Benle in Time,AllDaddyBens,Sa self defense lang
785,2,1,A Daddy Benle in Time,AllSummers,Aw naa bay paagi nga mapamatud-an nimo nga dili na ka hulga sa imong kaugalingon ug sa uban?
786,2,1,A Daddy Benle in Time,AllDaddyBens,Ah
787,2,1,A Daddy Benle in Time,AllBens,A-unsay imong gibuhat?
788,2,1,A Daddy Benle in Time,AllDaddyBens,Gitawag ko ang akong kaugalingon. Dinhi
790,2,1,A Daddy Benle in Time,AllDaddyBens,Ayaw pag-ilog niini
792,2,1,A Daddy Benle in Time,AllDaddyBens,Hoy Daddy Ben
793,2,1,A Daddy Benle in Time,AllSummers,Okay
794,2,1,A Daddy Benle in Time,AllDaddyBens,Fine Ako ra mismo ang mobuhat.
795,2,1,A Daddy Benle in Time,AllBens,Kung makalingkawas ka nianang tibuok panahon nganong wala man ka?
796,2,1,A Daddy Benle in Time,AllDaddyBens,Tungod kay naghulat ko hangtod nga nakasiguro ko nga mao na ang gusto nakong buhaton
797,2,1,A Daddy Benle in Time,AllBens,You know
798,2,1,A Daddy Benle in Time,Ben1,Oh
799,2,1,Usa ka Daddy Benle sa Panahon,Ben2,Kini usa ka mangtas!
801,2,1, Usa ka Daddy Benle sa Panahon,Ting-init1, Usa kini ka mangtas!
803,2,1, A Daddy Benle in Time,TesticleMonsterA,Ey
807,2,1,A Daddy Benle in Time,TesticleMonsterA,Unsa man?! Ang imong oras kay giguba sa impyerno! Giputol nimo ang imong oras
809,2,1, Usa ka Daddy Benle sa Panahon,TesticleMonsterA, Giunsa kini nahitabo?
812,2,1,A Daddy Benle in Time,TesticleMonsterA,Shut the fuck up! Oh
814,2,1,A Daddy Benle in Time,TesticleMonsterA,Ay
815,2,1,Usa ka Daddy Benle sa Panahon,TananngaBens,Oh way to go
816,2,1,A Daddy Benle in Time,AllSummers,Oo Grampa
817,2,1,A Daddy Benle in Time,AllDaddyBens,Oh
818,2,1,A Daddy Benle in Time,TesticleMonsterA,Paghilom. Dinhi
823,2,1,A Daddy Benle in Time,TesticleMonsterA,Eksakto
828,2,1,A Daddy Benle in Time,DaddyBen,Oo
829,2,1,A Daddy Benle in Time,Summer,Oo
830,2,1,A Daddy Benle in Time,Ben,Oo wala nay iring
831,2,1, A Daddy Benle in Time,TesticleMonsterA,Oo
832,2,1,A Daddy Benle in Time,DaddyBen,Unsa kadugay nga kinahanglan natong isul-ob kining mga butanga? Makauulaw gyud sila.
833,2,1, A Daddy Benle in Time,TesticleMonsterA,Bueno
834,2,1,Usa ka Daddy Benle sa Panahon,Ting-init,Panahon nga bilanggoan?
835,2,1, A Daddy Benle in Time,TesticleMonsterA,Oo
836,2,1, Usa ka Daddy Benle sa Panahon,Ting-init, Gikawat nimo ang usa ka oras nga nagyelo nga kristal gikan sa mga testicle nga monster?
837,2,1,A Daddy Benle in Time,DaddyBen,Malipayon unta ko nga mobayad niini
838,2,1,A Daddy Benle in Time,TesticleMonsterA,Ututututut! Mas maayo nga magbalik ka! Tawo
839,2,1,A Daddy Benle in Time,Vet,Hmm
840,2,1,A Daddy Benle in Time,Beth,Wala bay kuting sa dapit nga nanginahanglan ug manicure?
842,2,1,A Daddy Benle in Time,Jerry,Honey
843,2,1,A Daddy Benle in Time,Vet,Sa akong hunahuna kana ang katapusan niana.
845,2,1,A Daddy Benle in Time,Jerry,Among gibuhat
846,2,1,A Daddy Benle in Time,TesticleMonsterA,Uh-huh
847,2,1,A Daddy Benle in Time,Ben,Nganong gibuhat nimo ni?
848,2,1, A Daddy Benle in Time,TesticleMonsterA,Sa imong hunahuna gusto ko nga mahimong usa ka omniscient imortal nga molapas sa oras ug luna sa tibuok nakong kinabuhi? Naa koy mga ambisyon nga lalaki
849,2,1,A Daddy Benle in Time,DaddyBen,Unsa kaha kon sultihan ko ikaw nga adunay usa ka dako nga tiket sa imong luyo?
850,2,1,A Daddy Benle in Time,TesticleMonsterA,Nagtuo ka nga ingon ana ko ka tanga?
851,2,1,A Daddy Benle in Time,DaddyBen,Sige
852,2,1, Usa ka Daddy Benle sa Panahon,TesticleMonsterA, Dili ko makiglalis niana.
853,2,1,A Daddy Benle in Time,DaddyBen,Ah
854,2,1,Usa ka Daddy Benle sa Panahon,TesticleMonsterA,Chris!
855,2,1,A Daddy Benle in Time,TesticleMonsterA,Gipatay nimo akong pusil!
856,2,1,A Daddy Benle in Time,DaddyBen,Summer
857,2,1,Usa ka Daddy Benle sa Panahon,TesticleMonsterA,Unsa? Unsa man ang imong gibuhat?
858,2,1,Usa ka Daddy Benle sa Panahon,DaddyBen,Maayong pangutana. Nagtuo ko nga ang tubag mao ang
859,2,1, A Daddy Benle in Time,TesticleMonsterA,Oh
864,2,1,A Daddy Benle in Time,TesticleMonsterA,Lis- ay
872,2,1,A Daddy Benle in Time,TesticleMonsterA,Aw
878,2,1,A Daddy Benle in Time,Jerry,Tan-awa
879,2,1,Usa ka Daddy Benle sa Panahon,Beth,Bisan unsa. Unsa ka gamay ang kinahanglan nako nga dili kaayo magtagad sa kinabuhi sa usa ka hayop kaysa sa akong kaugalingon nga kaakuhan?
880,2,1, A Daddy Benle in Time,Jerry, Hmm gamay ra kaayo ka. Pero ikaw gihapon ang babaye nga akong gipakaslan.
881,2,1,A Daddy Benle in Time,Beth,Asa ta paingon?
882,2,1,Usa ka Daddy Benle sa Panahon,Jerry,Usa ka katapusan nga paghunong.
883,2,1,Usa ka Daddy Benle sa Panahon,Beth,Asa ang helicopter?
884,2,1,A Daddy Benle in Time,Jerry,Walay helicopter ug walay Cervine Institute.
885,2,1,Usa ka Daddy Benle sa Panahon,Beth,Apan ang pinakataas nga surgeon sa usa
886,2,1,Usa ka Daddy Benle sa Panahon,Jerry,Gitan-aw nako siya. Salamat sa pag FD nako nga ingon ana.
888,2,1,A Daddy Benle in Time,Beth,Kinahanglan ko ug lima ka minuto.
889,2,1,A Daddy Benle in Time,Beth,Jerry
890,2,1,Usa ka Daddy Benle sa Panahon,Jerry,Salamat sa Cold Stone Creamery.
914,2,1,A Daddy Benle in Time,Ben,Oo
915,2,1,Usa ka Daddy Benle sa Panahon,Ting-init,Woohoo! Whoo! Whoo!
916,2,1,A Daddy Benle in Time,Ben,Oh
917,2,1,A Daddy Benle in Time,DaddyBen,You know what I'm talking about
918,2,1,A Daddy Benle in Time,Ben,Buhata ang patch sa repolyo. Buhatabuhatabuhata ang sayaw.
919,2,1,A Daddy Benle in Time,Summer,Hoy paghulat kadiyot
920,2,1,A Daddy Benle in Time,Ben,wala ko kabalo. Sa akong hunahuna ang usa ka kan-uman ug kwatro sa akong mga kwelyo wala molihok. Lisud nga magpabilin nga tul-id karon nga adunay kan-uman ug tulo pa nga mga panumduman sa tanan.
921,2,1, Usa ka Daddy Benle sa Panahon,DaddyBen, Oo.
922,2,1,A Daddy Benle in Time,Ben,Apan gibati ko nga usa sa kan-uman ug upat ka Daddy Ben sama sa
923,2,1,A Daddy Benle in Time,DaddyBen,Shut up
924,2,1,A Daddy Benle in Time,Beth,Hoy guys
925,2,1,A Daddy Benle in Time,Jerry,Um
926,2,1,A Daddy Benle in Time,Jerry,Power Rangers ba kamo? Apan sa usa lang ka gamay nga bahin sa inyong mga liog? Uy
927,2,1,A Daddy Benle in Time,Beth, Mangihi ko sa akong karsones.
928,2,1,A Daddy Benle in Time,Ben,Dili kaayo maayo ang bation
929,2,1, Usa ka Daddy Benle sa Panahon,DaddyBen, Dili. Sakit kaayo.
930,2,1,A Daddy Benle in Time,Beth, Mangihi ko-hee-hee.
931,2,1,A Daddy Benle in Time,Jerry,Naay nagtawag sa planeta sa Tron
932,2,1,A Daddy Benle in Time,TesticleMonsterA,Hoy tawo
934,2,1, A Daddy Benle in Time,TesticleMonsterA, Gisultihan ko ikaw nga milabay sa mga dinosaur.
936,2,1,Usa ka Daddy Benle sa Oras,TesticleMonsterA,Hala
938,2,1,Usa ka Daddy Benle sa Panahon,TesticleMonsterA,Anaa siya
940,2,1,A Daddy Benle in Time,TesticleMonsterA,Oo
943,2,10, The Wedding Squanchers,Jerry, Ang lansis sa cereal mao ang pagtipig sa 70% niini labaw sa gatas.
944,2,10,The Wedding Squanchers,Beth,Jerry
945,2,10,The Wedding Squanchers,DaddyBen,Uh
947,2,10, The Wedding Squanchers,Summer,Gross
951,2,10,The Wedding Squanchers,DaddyBen,Ughhhh belchflies padulong sa atubangan nga pultahan Mitalikod ug misulod pag-usab sa dining roomScoffsNaglupadlupad sa ibabaw ni Jerry ug hingpit nga gitulod siya ngadto sa ilawom sa wala pa molupad palayo agi sa bukas nga pultahan sa atubangan ug ngadto sa langitMidagan paingon sa atubangan nga pultahanFollow Beth Nagtan-aw sa langitNagkaon gihapon ug cereal Nagtangtang ug nag-inom sa scotch flaskBen waveskissing sa kamot ni Beth Naggunit ug suit sa usa ka dry cleaning bag* Ang imong pinulongan adunay 'squanch
952,2,10, The Wedding Squanchers,DaddyBen,Beth
953,2,10,The Wedding Squanchers,Beth,Ay
955,2,10,The Wedding Squanchers,Beth,Unsa? Akong gibuhat
964,2,5,Kuhaa si Schwifty,DaddyBen,Oh boy. Time to go
965,2,5,Kuhaa si Schwifty,Ben,Uhh
966,2,5,Kuhaa si Schwifty,DaddyBen,Ang Pentagon. Buot ipasabot
967,2,5,Get Schwifty,Summer,Diyos ba?
968,2,5,Kuhaa si Schwifty,Beth,Dili kini Diyos
969,2,5,Kuhaa si Schwifty,Jerry,Gitugotan siya nga maghunahuna nga Diyos kung gusto niya
970,2,5,Kuhaa si Schwifty,Beth,Shut up
971,2,5,Kuhaa si Schwifty,Jerry,Ok
972,2,5,Kuhaa si Schwifty,Beth,Pa
973,2,5,Get Schwifty,DaddyBen,Ben ug ako motan-aw niini. Kupot mog maayo.
974,2,5,Kuhaa si Schwifty,Mr.Goldenfold,Scary stuff
975,2,5,Kuhaa si Schwifty,Beth,Sa unsang paagi makatabang ang pag-ampo?
976,2,5,Kuhaa si Schwifty,Mr.Goldenfold,Ma'am
977,2,5,Kuhaa si Schwifty,Presidente,Mga ginoo
979,2,5,Kuhaa si Schwifty,Nathan,Nakasulay ka na ba sa pagpadala niini og mga launch code? Mr. President
981,2,5,Kuhaa si Schwifty,DaddyBen,Pabilin! Kini nga relo naghimo sa mga tawo nga mga bitin!
982,2,5,Kuhaa si Schwifty,Presidente,Barug. Tindog ang tanan! Ako ang lider niining mga tawhana ug ako walay armas. Wala na kinahanglana pa ang paghimog bitin.
983,2,5,Kuhaa si Schwifty,DaddyBen,Ako si Daddy Ben Sanchez. Ania ang akong apo nga si Ben.
985,2,5,Pagkuha og Schwifty,Ben,Uy.
986,2,5,Kuhaa si Schwifty,DaddyBen,Igo na ang akong nakita sa galaksiya aron mahibal-an nga ang ania dinhi usa ka Cromulon gikan sa Cygnus-5 Expanse. Aron makalimot ka sa mga nukes
989,2,5,Kuhaa si Schwifty,DaddyBen,Dili
990,2,5,Kuhaa si Schwifty,Presidente,Sige
991,2,5,Kuhaa si Schwifty,DaddyBen,Gusto nimo nga ibutang kini sa higanteng speaker system sa imong sonic testing facility sa Area 51.
992,2,5,Get Schwifty,Nathan,Unsaon nimo pagkahibalo bahin niana?
993,2,5,Get Schwifty,President,Alang sa Diyos
995,2,5,Kuhaa si Schwifty,Presidente,Unsa? Sa unsang paagi kini posible? Mamatay ra ba ang mga tawo kung nganlan ko sila?
997,2,5,Kuhaa si Schwifty,Presidente,Dear God.
999,2,5,Kuhaa si Schwifty,DaddyBen,Good luck
1001,2,5,Kuhaa si Schwifty,Presidente,Sanchez! Usa ka ba ka musikero?
1002,2,5,Kuhaa si Schwifty,DaddyBen,I dabble
1003,2,5,Kuhaa si Schwifty,Presidente,Dad-a kining tawhana ug ang iyang apo sa Blackhawk ngadto sa Area 51.
1006,2,5,Kuhaa si Schwifty,PrincipalVagina,Hi
1007,2,5,Kuhaa si Schwifty,PrincipalVagina,Ah
1009,2,5,Kuhaa si Schwifty,Mr.Goldenfold,Ohhhh
1010,2,5,Get Schwifty,Ben,Daddy Ben
1011,2,5,Get Schwifty,DaddyBen,Kinsa ang DILI musikero
1012,2,5,Kuhaa si Schwifty,Ben,Ako!
1013,2,5, Kuhaa si Schwifty,DaddyBen,Oo
1015,2,5,Kuhaa si Schwifty,Ben,Bb-pero wala tay kanta!
1016,2,5,Kuhaa si Schwifty,PrincipalVagina,Higante nga ulo sa langit
1018,2,5,Kuhaa si Schwifty,DaddyBen,Sige
1019,2,5,Kuhaa si Schwifty,Ben,Daddy Ben
1020,2,5,Kuhaa si Schwifty,DaddyBen,Ben! Ang maayong musika gikan sa mga tawo nga relaks. Pindota lang
1021,2,5,Kuhaa si Schwifty,Ben,Oh man
1022,2,5,Kuhaa si Schwifty,DaddyBen,Ahhhhh yeahhhhh Kinahanglan ka nga mag-schwifty. schwifty
1023,2,5,Kuhaa si Schwifty,Nathan,Kuha� schwifty? Unsa man kana?
1024,2,5,Kuhaa si Schwifty,Presidente,Kini ang pinakamaayo nga paningkamot sa atong kalibutan
1025,2,5,Kuhaa si Schwifty,DaddyBen,Huboa imong karsones ug panty Shit sa salog Oras para maka schwifty diri ako si Mr. Bulldops
1026,2,5,Get Schwifty,Nathan,Mr. Mga bulldops?
1027,2,5,Kuhaa si Schwifty,Presidente,Ayaw kini pag-analisa
1028,2,5,Kuhaa si Schwifty,DaddyBen,Bahala ka sa salog Oras na para makasulod diri
1030,2,5,Kuhaa si Schwifty,Summer,Paminaw! Ang bagyo mihunong!
1031,2,5,Kuhaa si Schwifty,DaddyBen,Hoy
1033,2,5,Kuhaa si Schwifty,PrincipalVagina,Palihug pagbinuotan mi kay gamay ra mi nga mga butang nga naay tibuok lawas. sa imong yuta.
1035,2,5,Kuhaa si Schwifty,Beth,Karon huwata kadiyot
1036,2,5,Kuhaa si Schwifty,Beth,Dili
1037,2,5,Kuhaa si Schwifty,Beth,Oh
1038,2,5,Kuhaa si Schwifty,Presidente,Unsa man ang nahitabo?
1040,2,5,Kuhaa si Schwifty,DaddyBen,Sa akong hunahuna ang planetang Yuta bag-o lang nadala.
1041,2,5,Kuhaa si Schwifty,PrincipalVagina,Ang ulo mibiya ug nagpadala sa iyang mga anak!
1042,2,5,Kuhaa si Schwifty,Beth,Holy CRAP!
1043,2,5,Kuhaa si Schwifty,Summer,Oh mahal nga higanteng ulo
1045,2,5,Get Schwifty,Cromulon,Among gihangyo SILA NGA IPAKITA KANAMO KUNG UNSAY NAHATAG NILA. UG ILANG GIBUHAT. KARON ATONG TAN-AWA KINSA KANILA ANG MAY PINAKA. 24 ORAS
1046,2,5,Kuhaa si Schwifty,DaddyBen,Uhh
1047,2,5,Get Schwifty,Cromulon,Welcome back sa Planet Music! Una
1049,2,5,Pagkuha sa Schwifty,Cromulon,DISQUALIFIED!
1050,2,5,Pagkuha og Schwifty,Cromulon,Adunay usa matag season. Pagbalhin ngadto sa planetang Arbolez Meterosos. Arbolian Meterososians. IPAKITA NAMO KUNG UNSAY NAA NIMO.
1053,2,5,Kuhaa si Schwifty,Ben,Pareho nga wala pa mi igong pressure!
1055,2,5,Kuhaa si Schwifty,DaddyBen,Sus
1056,2,5,Kuhaa si Schwifty,Ben,Daddy Ben
1057,2,5,Kuhaa si Schwifty,DaddyBen,Genius happens in the moment
1058,2,5,Kuhaa si Schwifty,Ben,Aw
1059,2,5,Kuhaa si Schwifty,DaddyBen,Pagplano kana para sa kapakyasan
1060,2,5,Kuhaa si Schwifty,DaddyBen,Ben
1061,2,5,Pagkuha og Schwifty,Ben,Unsa?!
1062,2,5,Kuhaa si Schwifty,DaddyBen,Oo
1063,2,5,Kuhaa si Schwifty,Ben,Hunonga ang pagsulti niini nga morag usa ka butang! Gihimo nimo kini!
1064,2,5,Kuhaa si Schwifty,DaddyBen,Hoy
1065,2,5,Kuhaa si Schwifty,Ben,Daddy Ben
1066,2,5,Kuhaa si Schwifty,Nathan,Igo na akong nakita. Kining mga tawhana kay one-hit wonders.
1067,2,5,Kuhaa si Schwifty,Presidente,Ug unsay imong plano
1068,2,5,Kuhaa si Schwifty,Nathan,Adunay pa kami nukleyar nga kapilian. Sa akong pulong
1070,2,5,Kuhaa si Schwifty,PrincipalVagina,Hello? Yes sir
1072,2,5,Kuhaa si Schwifty,Beth,Kinahanglan kitang mag-empake ug mobiya sa lungsod karon.
1073,2,5,Get Schwifty,Jerry,Sa akong hunahuna kini makapadasig nga ang atong komunidad nagsagubang sa kahadlok sa paagi nga naglakip sa usa ka pista ug homemade ice cream. imong kaugalingon.
1074,2,5,Kuhaa si Schwifty,Jerry,Whoa! Tan-aw nimo! Gisul-ob nimo ang kalo ug tanan!
1075,2,5,Kuhaa si Schwifty,Summer,Ania ang imoha! Nay
1076,2,5,Kuhaa si Schwifty,Beth,Oo
1077,2,5,Pagkuha og Schwifty,Summer,Gihigugma ko kamo. Gihatagan ko nimog kinabuhi. Ug kini ang kabubut-on sa daghang mga ulo nga ang tanan nga mga bata nagpasidungog sa ilang mga ginikanan.
1078,2,5,Kuhaa si Schwifty,Beth, Nindot paminawon ang Panihapon.
1080,2,5,Kuhaa si Schwifty,Summer,Padre
1081,2,5,Kuhaa si Schwifty,Jerry,Sure! Adto ta sa Pagkayab. A-a-unsa kini?
1082,2,5,Kuhaa si Schwifty,PrincipalVagina,Among gipadala kining mga dili gusto sa langit aron sila masuyop sa daghang mga ulo
1083,2,5,Kuhaa si Schwifty,Summer,Oh oo
1084,2,5,Kuhaa si Schwifty,Ice-T,Usa ka squeegee migawas gikan sa garahe
1085,2,5,Kuhaa ang Schwifty,Ice-T,Kinsa ang mokuha og ulang para makakita sa Iron Man 3?
1086,2,5,Kuhaa si Schwifty,Ice-T,Aw
1087,2,5,Kuhaa si Schwifty,DaddyBen,Wait
1088,2,5,Pagkuha og Schwifty,Ben,Unsa?!
1089,2,5,Pagkuha og Schwifty,Ice-T,Damn. Wala nimo ako gisultihan nga nakig-away ka sa mga portal ug tae.
1090,2,5,Kuhaa si Schwifty,Ben,Mao na!
1091,2,5,Kuhaa si Schwifty,DaddyBen,Whoa
1092,2,5,Kuhaa si Schwifty,Ben, Namakak ka! Namakak ka bahin sa sumbong! Nagtinapulan ka lang! Balik kamo! Lingkod!
1093,2,5,Kuhaa si Schwifty,DaddyBen,Ben
1094,2,5,Kuhaa si Schwifty,Ben,pangitaon ko si Mama ug Papa.
1095,2,5,Kuhaa si Schwifty,DaddyBen,Noooo!
1096,2,5,Kuhaa si Schwifty,DaddyBen,Ahhhh
1097,2,5,Kuhaa si Schwifty,Presidente,Ah
1098,2,5,Kuhaa si Schwifty,Ben,Ahhh
1099,2,5,Get Schwifty,Summer,Ug dayon si Ethan mitugtog og gitara ug among nakat-unan ang Pito ka Pagpamalandong sa Ulo pinaagi sa pagkanta niini. Makalingaw gyud. Dalaygon ang ulo!
1101,2,5, Kuhaa si Schwifty,Jerry, Oo.
1102,2,5,Kuhaa si Schwifty,PrincipalVagina,Hi folks
1103,2,5,Kuhaa si Schwifty,Summer,Magsugod na kog panihapon!
1104,2,5,Kuhaa si Schwifty,Beth,Wala ko kabalo unsa akong isulti. Maayo kaayo ang ting-init dinhi.
1105,2,5,Kuhaa si Schwifty,Jerry,Nakadaog siya sa matag pagsulay sa klase sa patatas
1106,2,5,Kuhaa si Schwifty,Beth,Dili na siya buntis o nagdroga o dili curfew
1108,2,5,Kuhaa si Schwifty,Beth,Dili kana among negosyo basta ang Summer molambo!
1109,2,5,Pagkuha og Schwifty,Summer,Taco nga oras! Nanghinaut ko nga kini makapahimuot kanimo sama sa gitinguha sa ulo.
1110,2,5,Kuhaa si Schwifty,Beth,Nindot kana
1111,2,5,Kuhaa si Schwifty,Jerry,Proud kaayo mi nimo. Pero sa tinuod lang
1112,2,5,Kuhaa si Schwifty,Summer,Siyempre
1113,2,5,Kuhaa si Schwifty,Birdperson,Ben.
1114,2,5,Kuhaa si Schwifty,Ben,Birdperson?
1116,2,5,Kuhaa si Schwifty,DaddyBen,U-Unsa sa imong hunahuna
1117,2,5,Get Schwifty,Ice-T,Shit. Over-developed
1118,2,5,Kuhaa si Schwifty,DaddyBen,Aw
1119,2,5,Kuhaa si Schwifty,Ice-T,Ah
1120,2,5,Kuhaa si Schwifty,DaddyBen,Ice
1121,2,5,Get Schwifty,Ice-T,Pfff. Wala ko nabalaka nga walay Yuta nga mobuto
1122,2,5,Kuhaa si Schwifty,DaddyBen,Unsa? Ngano dili?
1123,2,5,Kuhaa si Schwifty,Ice-T,Oo
1124,2,5,Kuhaa si Schwifty,DaddyBen,Unsa man? Mahimo ka ba nga mahimong yelo?
1125,2,5,Get Schwifty,Ice-T,Nagsugod ang akong istorya sa kaadlawon sa panahon sa halayo nga gingharian sa Alphabetrium. Didto
1126,2,5,Kuhaa si Schwifty,DaddyBen,Kuhaa ko
1127,2,5,Get Schwifty,Ice-T,Pshhhh. Tawo
1128,2,5,Kuhaa si Schwifty,Presidente,Ok
1129,2,5,Kuhaa si Schwifty,Nathan,Oh 
1130,2,5,Kuhaa si Schwifty,Presidente,Unsay imong gibuhat
1131,2,5,Kuhaa si Schwifty,Nathan,Akong gipahimutang ang nukleyar nga opsyon sa paglansad og usa ka minuto sa pasundayag sa Yuta. Ug ikaw
1132,2,5,Kuhaa si Schwifty,Presidente,Paghulat
1133,2,5,Kuhaa si Schwifty,Birdperson,Nagtuo ko nga ma-access nako ang kasaysayan sa pusil ni Daddy Ben ug makatabang nimo nga makabalik ngadto kaniya.
1134,2,5,Get Schwifty,Ben,Apan mahimo ba nimo akong tabangan nga makaadto sa akong pamilya? Nahibal-an nimo
1135,2,5,Kuhaa si Schwifty,Birdperson,Ang imong tuyo ba nga biyaan si Daddy Ben gamit ang iyang kaugalingong portal nga pusil? Sa kultura sa langgam
1136,2,5,Kuhaa si Schwifty,Ben,Tanan nga mga lihok ni Daddy Ben mga dick moves! A-unsa akong gikaon? Unsa ni
1137,2,5, Kuhaa ang Schwifty,Birdperson, Kini usa ka random nga mga tinumpag. Nakit-an nako sa akong carpet. Wala ko kahibalo kung unsa ang gikaon sa tawo.
1139,2,5,Kuhaa si Schwifty,Birdperson,Ayawg saba
1141,2,5,Kuhaa si Schwifty,Ben,Tammy grabe. Birdperson
1143,2,5,Kuhaa si Schwifty,Ben,Unsa kana? Kinsa kana nga bata?
1144,2,5,Kuhaa si Schwifty,Birdperson,Ben
1145,2,5,Get Schwifty,Cromulon,Kadto si Chunky Tunk nga adunayFull Ming Mong
1146,2,5,Kuhaa si Schwifty,Ben,Oh Dios! Taas na mi?!?!
1147,2,5,Kuhaa si Schwifty,PrincipalVagina,Jerry ug Beth
1148,2,5,Kuhaa si Schwifty,Beth,Ang kalibutan?
1149,2,5,Kuhaa ang Schwifty,PrincipalVagina,Headism usa ka hit. Gidala namo kini sa tibuok kalibutan ug gusto namo nga si Jerry mahimongUlo sa Advertising sa among simbahan.
1150,2,5,Kuhaa si Schwifty,Jerry,Ikawgusto?
1151,2,5,Kuhaa si Schwifty,PrincipalVagina,Beth
1152,2,5,Kuhaa si Schwifty,Beth,Mao na akong damgo! Mao na akong damgo.
1153,2,5,Kuhaa si Schwifty,Jerry,Salamat. Kini tanan hilabihan ka bug-at
1154,2,5,Kuhaa si Schwifty,Beth,Dili gyud.
1155,2,5,Kuhaa si Schwifty,PrincipalVagina,Pasayloa ko?
1156,2,5,Kuhaa si Schwifty,Beth,Nagpaabot mig 16 ka tuig nga respetuhon kami sa among anak
1157,2,5,Kuhaa si Schwifty,Jerry,Atong pahimuslan ang atong kahigayonan nga padak-on siya nga walay mga bag-ong trabaho gawas sa relihiyon nga nakabase sa patatas. Ug nahibal-an nimo kung unsa? Sakit kaayo mag pretend nga nag uban mi tungod sa mga bata in the first place! Gipakasal ko nimo tungod kay ikaw ang gihigugma sa akong kinabuhi!
1158,2,5,Kuhaa si Schwifty,Beth,Ug swerte ko nga naa ko nimo ug wala gyud nako isulti kanimo kana! Nahibal-an nimo
1159,2,5,Kuhaa si Schwifty,Beth,Palihug ayaw kini buhata
1160,2,5,Get Schwifty,Jerry,Summer
1161,2,5,Kuhaa si Schwifty,Summer,Maayo ka! Mobalik ka isip mga bata!
1162,2,5,Kuhaa si Schwifty,Jerry,BATA AKO! Bata na ko KARON!
1163,2,5,Kuhaa si Schwifty,Ben,Hello? Naa bay tawo dinhi? Ginoong Presidente!
1164,2,5,Kuhaa si Schwifty,Presidente,Kini ang Bluebird. Code tango-niner-alpha. Ipahunong ang paglusad. Abort! Hello? Gi block out ko niya.
1165,2,5,Kuhaa si Schwifty,Ben,Sir
1166,2,5,Kuhaa si Schwifty,Presidente,Dili igsapayan kung unsa ka schwifty
1167,2,5,Kuhaa si Schwifty,Ben,Oh Dios ko! Cc-makalupad ka ug Blackhawk?
1168,2,5,Kuhaa si Schwifty,Presidente,Mahaom ba ang dick sa Papa sa usa ka donut?
1169,2,5,Kuhaa si Schwifty,Ben,Uhhh
1170,2,5,Kuhaa si Schwifty,Presidente,Eksakto!
1171,2,5,Kuhaa si Schwifty,Cromulon,IPAKITA KUNG UNSAY NAA NIMO.
1172,2,5,Kuhaa si Schwifty,DaddyBen,Ahem. Uhhh lop-oo-lop-oo-lop-oo-dups
1173,2,5,Kuhaa ang Schwifty,PrincipalVagina,Headward nga libre karon aron mobangon!
1174,2,5,Kuhaa si Schwifty,Mr.Goldenfold, Hoy! Tan-awa ang mga ulo! Morag nasuko ang mga ulo!
1175,2,5,Kuhaa si Schwifty,Presidente,Daotan gyud ko niini
1176,2,5,Kuhaa si Schwifty,Ben,Mr. Presidente
1177,2,5,Kuhaa si Schwifty,DaddyBen,Nup-oo-nup-oo-nup-oo-nups ooh
1178,2,5,Kuhaa si Schwifty,PrincipalVagina,Sigurado ko nga adunay� kana walay labot niini.
1179,2,5,Pagkuha og Schwifty,Ting-init,Ang mga ulo wala mahimuot!
1181,2,5,Kuhaa si Schwifty,DaddyBen,Ben!
1182,2,5,Kuhaa si Schwifty,Mr.Goldenfold, Ang mga ulo ganahan niini! Ganahan sila kung DILI namo patya ang pamilyang Smith!
1183,2,5,Kuhaa ang Schwifty,PrincipalVagina,Dili! Hunonga kana! Dili ka gitugotan sa paghubad sa kabubut-on sa mga ulo!
1184,2,5,Kuhaa si Schwifty,Presidente,Ihunong ang nukleyar nga welga! Kini ang Presidente. Hunonga ang paglansad sa nukleyar nga missile!
1185,2,5,Kuhaa si Schwifty,Nathan,Ilunsad lang ang mga misil!
1186,2,5,Kuhaa ang Schwifty,Cromulon,BOO! DILI COOL!
1187,2,5,Kuhaa si Schwifty,PrincipalVagina,Ako ra ang nagsulti sa mga ulo!
1188,2,5,Kuhaa ang Schwifty,Cromulon,DISQUALIFIED!
1189,2,5,Kuhaa si Schwifty,Mr.Goldenfold, Ang mga ulo nag-disqualify sa Vagina! Kuhaa siya!
1190,2,5,Pagkuha sa Schwifty,Cromulon,DISQUALIFIED! DISQUALIFIED!
1192,2,5,Kuhaa si Schwifty,Ice-T,Husto kana
1193,2,5,Kuhaa si Schwifty,Ben,Unsay imong isulti
1194,2,5,Kuhaa si Schwifty,DaddyBen,ingon ko Buhaton nato!
1195,2,5,Kuhaa si Schwifty,DaddyBen,Sige!
1196,2,5,Kuhaa si Schwifty,Ben,Ohhhh yeahhhh!
1197,2,5,Kuhaa si Schwifty,DaddyBen,Dali
1198,2,5,Kuhaa si Schwifty,Ben,Ohhhh yeahhhh!
1199,2,5, Kuhaa si Schwifty,DaddyBen, Isulti kini uban kanako!
1201,2,5,Kuhaa si Schwifty,PrincipalVagina,Ohhh my GOOOOODDDD!!!
1205,2,5,Kuhaa si Schwifty,Cromulon,Pagkahuman sa 988 ka season sa Planet Music
1207,2,5,Kuhaa si Schwifty,Mr.Goldenfold,Musical reality show lang ba ang giingon niya?
1208,2,5,Kuhaa si Schwifty,Jerry,Oo
1209,2,5,Pagkuha og Schwifty,PrincipalVagina,HEEEEELLLLPPPP!!!!!
1210,2,5,Kuhaa si Schwifty,Beth,Atong kuhaon siya.
1211,2,5,Kuhaa si Schwifty,Presidente,Unta makatawag ko nimo pag-usab kung kinahanglan ka namo
1212,2,5,Pagkuha og Schwifty,Ben,Sigurado nga butang! And I was kinda hoping nga maka selfie ko nimo?
1213,2,5,Get Schwifty,President,Actually
1214,2,5,Kuhaa ang Schwifty,Ben,Nasabtan.
1215,2,5,Kuhaa si Schwifty,Nathan,DIIIIEEEE!!!!
1216,2,5,Kuhaa si Schwifty,Presidente,Nganong wala man siya nahimong bitin?
1217,2,5,Kuhaa si Schwifty,DaddyBen,Trade secret
1218,2,5,Kuhaa si Schwifty,Presidente,Gihigugma ko kini nga tawo!
1219,2,5,Get Schwifty,Ice-T,Magnesium-J
1221,2,5,Kuhaa ang Schwifty,Ice-T,Nausab ko. Andam ko nga makig-uban pag-usab sa akong mga kaigsoonan sa Alphabetrium.
1230,2,8, Interdimensional Cable 2 Makatintal nga Kapalaran,DaddyBen, Ayaw kabalaka bahin kang Jerry. Mamaayo ra siya. Nakadungog ka nako Jerry? Mamaayo ka!
1231,2,8,Interdimensional Cable 2 Makatintal nga Kapalaran,Ben,Woahh!
1232,2,8,Interdimensional Cable 2 Tempting Fate,DaddyBen,ooo Bantayi kanang mga butanga. Mamantsa kini kon kini mabutang sa imong sinina
1233,2,8,Interdimensional Cable 2 Tempting Fate,Beth,Nganong ibutang nimo ang mutant bacteria sa usa ka pint nga Cherry Garcia?
1234,2,8, Interdimensional Cable 2 Tempting Fate,DaddyBen,Nahibal-an ko nga dili pa kini ang oras
1235,2,8, Interdimensional Cable 2 Makatintal nga Kapalaran,Beth,Dili na.
1236,2,8,Interdimensional Cable 2 Makatintal nga Kapalaran,DaddyBen,Nagsobra ka!
1238,2,8,Interdimensional Cable 2 Tempting Fate,DaddyBen,Sige ra
1239,2,8, Interdimensional Cable 2 Makatintal nga Kapalaran,Ting-init, Mamatay ba siya?
1242,2,8, Interdimensional Cable 2 Makatintal nga Kapalaran,DaddyBen, Unsa? Ang matag ospital nag-angkon nga adunay labing kaayo nga doktor sa galaksiya. Sama kini sa mga lugar sa pizza nga nag-angkon nga adunay labing kaayo nga pizza sa kalibutan. Unsa- Sa imong hunahuna aduna silay mga kontes sa pizza? Nakaadto ka na ba ug pizza contest?
1243,2,8,Interdimensional Cable 2 Tempting Fate,Beth,Adto sa waiting room
1246,2,8, Interdimensional Cable 2 Makatintal nga Kapalaran,DaddyBen,Usa ka sequel.
1248,2,8,Interdimensional Cable 2 Tempting Fate,DaddyBen,Oo ako dili
1256,2,8, Interdimensional Cable 2 Makatintal nga Kapalaran,Announcer, Eye-hole! Kuhaa sila karon! IKEA.
1257,2,8,Interdimensional Cable 2 Tempting Fate,DaddyBen,Kinahanglang mag-amping ka Ben
1258,2,8,Interdimensional Cable 2 Tempting Fate,Beth,Dili ko makatuo nga gipasabot nimo ang alien cereal
1259,2,8,Interdimensional Cable 2 Tempting Fate,DaddyBen,Aw traynta y nuwebe ka tuig na kaayo ka
1260,2,8,Interdimensional Cable 2 Makatintal nga Kapalaran,Jerry,Asa ko?
1261,2,8,Interdimensional Cable 2 Tempting Fate,AlienDoctor,Relax Mr. Smith
1264,2,8, Interdimensional Cable 2 Makatintal nga Kapalaran,Jerry,My goodness.
1266,2,8,Interdimensional Cable 2 Makatintal nga Kapalaran,Jerry,I see-HULAT! Unsa?
1268,2,8,Interdimensional Cable 2 Tempting Fate,Jerry,Oo
1272,2,8,Interdimensional Cable 2 Tempting Fate,Jerry,Sige! Igo na. Naghisgot ka bahin sa akong klase Nakasabot mi sa genocide
1275,2,8,Interdimensional Cable 2 Tempting Fate,Jerry,Yes I will! Tama na
1276,2,8,Interdimensional Cable 2 Tempting Fate,DaddyBen,Hoy
1277,2,8,Interdimensional Cable 2 Tempting Fate,Ben,Huh? Uh
1278,2,8,Interdimensional Cable 2 Makatintal nga Kapalaran,DaddyBen,Ben atong-tan-awon nato kung unsa pa ang naa.
1279,2,8, Interdimensional Cable 2 Makatintal nga Kapalaran,Ben, Okay.
1283,2,8, Interdimensional Cable 2 Makatintal nga Kapalaran,Ben,Whoa! Tan-awa! Kana nga babaye nga adunay tanan nga mga tae sa iyang nawong sama sa Worf gikan sa Star Trek! Nagkuha kana ug kape! Giunsa niya pag-abot didto!
1284,2,8, Interdimensional Cable 2 Makatintal nga Kapalaran,DaddyBen,Oh
1286,2,8,Interdimensional Cable 2 Makatintal nga Kapalaran,Beth,Kana ba ang angay natong kabalak-an?
1287,2,8, Interdimensional Cable 2 Makatintal nga Kapalaran,DaddyBen, Pahilayo lang sa makina sa kape.
1289,2,8, Interdimensional Cable 2 Tempting Fate,Announcer,Sa usa ka kalibutan
1291,2,8, Interdimensional Cable 2 Makatintal nga Kapalaran,Announcer,Ug napulo ug unom ka quadrant. Adunay igo ra nga oras alang sa usa ka Jan-Michael Vincent nga makaabut sa usa ka kuwadrante. Dili siya mahimo sa duha ka quadrant sa usa ka higayon.
1292,2,8, Interdimensional Cable 2 Tempting Fate,Ben,Daddy Ben
1293,2,8, Interdimensional Cable 2 Makatintal nga Kapalaran,DaddyBen,Oh tawo
1294,2,8,Interdimensional Cable 2 Makatintal nga Kapalaran,Announcer,Jan-Michael Vincent's kay nahurot na.
1296,2,8,Interdimensional Cable 2 Tempting Fate,Ben,Importante ba nga mahibal-an nato kung kinsa si Jan-Michael Vincent aron makuha kini?
1297,2,8, Interdimensional Cable 2 Makatintal nga Kapalaran,DaddyBen, Dili.
1299,2,8,Interdimensional Cable 2 Tempting Fate,Announcer,Karong Enero
1301,2,8, Interdimensional Cable 2 Makatintal nga Kapalaran,DaddyBen, Kana si Jan-Michaels.
1302,2,8,Interdimensional Cable 2 Tempting Fate,Ben,Excuse me
1303,2,8,Interdimensional Cable 2 Makatintal nga Kapalaran,DaddyBen,Sige
1304,2,8, Interdimensional Cable 2 Tempting Fate,AlienDoctor,Busa
1305,2,8, Interdimensional Cable 2 Makatintal nga Kapalaran,Jerry, Nakuha na.
1306,2,8, Interdimensional Cable 2 Tempting Fate,AlienDoctor, Gibilin ang usa ka partial nga gitas-on sa naputol nga urethra nga
1307,2,8, Interdimensional Cable 2 Tempting Fate,Jerry,Oh
1308,2,8, Interdimensional Cable 2 Tempting Fate,AlienDoctor,Oh
1309,2,8,Interdimensional Cable 2 Tempting Fate,Jerry,Oh
1328,2,8, Interdimensional Cable 2 Makatintal nga Kapalaran,AlienDoctor, Smith nga pamilya?
1329,2,8,Interdimensional Cable 2 Makatintal nga Kapalaran,Beth,Oo?
1330,2,8, Interdimensional Cable 2 Tempting Fate,AlienDoctor, Gusto nakong ipahibalo kaninyong tanan nga si Jerry maayo ra.
1332,2,8, Interdimensional Cable 2 Tempting Fate,AlienDoctor,Apan
1333,2,8,Interdimensional Cable 2 Tempting Fate,Jerry,Hi
1334,2,8, Interdimensional Cable 2 Makatintal nga Kapalaran,Beth, UNSA!?!
1335,2,8,Interdimensional Cable 2 Tempting Fate,Jerry,Uh-oh
1336,2,8, Interdimensional Cable 2 Tempting Fate,AlienDoctor,Ang iyang kinatawo pulihan sa usa ka sopistikado nga prosthetic
1337,2,8,Interdimensional Cable 2 Tempting Fate,Beth,Wala koy labot sa mga prosthetics
1338,2,8, Interdimensional Cable 2 Tempting Fate,AlienDoctor,Nakasabot ko sa imong gibati
1339,2,8,Interdimensional Cable 2 Tempting Fate,Beth,Oh
1341,2,8, Interdimensional Cable 2 Tempting Fate,AlienDoctor,Adunay mga nagtuo
1342,2,8,Interdimensional Cable 2 Makatintal nga Kapalaran,Beth,Woah! Woah. So
1343,2,8, Interdimensional Cable 2 Makatintal nga Kapalaran,AlienDoctor, Gatusan ka bilyon.
1344,2,8,Interdimensional Cable 2 Tempting Fate,Beth,I mean
1347,2,8,Interdimensional Cable 2 Tempting Fate,Jerry,Beth
1348,2,8,Interdimensional Cable 2 Tempting Fate,Beth,You know
1349,2,8,Interdimensional Cable 2 Tempting Fate,Jerry,Apan
1350,2,8,Interdimensional Cable 2 Tempting Fate,Beth,Aw
1351,3,1,The Daddy Benshank Daddy Bendemption,DaddyBen,Anyway
1352,3,1,The Daddy Benshank Daddy Bendemption,Ben,Wow
1353,3,1,The Daddy Benshank Daddy Bendemption,DaddyBen,Oh
1354,3,1,The Daddy Benshank Daddy Bendemption,Beth,Pa
1355,3,1,The Daddy Benshank Daddy Bendemption,DaddyBen,Emosyonal nga pagsulti
1356,3,1,The Daddy Benshank Daddy Bendemption,Jerry,Oo
1357,3,1,The Daddy Benshank Daddy Bendemption,DaddyBen,Jerry
1358,3,1,The Daddy Benshank Daddy Bendemption,Jerry,Nakuha nimo.
1359,3,1,The Daddy Benshank Daddy Bendemption,DaddyBen,Unom ka pilo
1360,3,1,The Daddy Benshank Daddy Bendemption,CornveliousDaniel,Tawo
1361,3,1,The Daddy Benshank Daddy Bendemption,DaddyBen,Aw
1362,3,1, The Daddy Benshank Daddy Bendemption,CornveliousDaniel,Oh
1363,3,1,Ang Daddy Benshank Daddy Bendemption,DaddyBen,Shoney's.
1364,3,1,Ang Daddy Benshank Daddy Bendemption,CornveliousDaniel,O ang Serye 9000 kay himoon kini nga mush.
1365,3,1,The Daddy Benshank Daddy Bendemption,DaddyBen,Relaxed na kaayo?
1366,3,1,The Daddy Benshank Daddy Bendemption,CornveliousDaniel,Midayeg ko nimo
1367,3,1,The Daddy Benshank Daddy Bendemption,CornveliousDaniel,Sa dihang
1368,3,1,The Daddy Benshank Daddy Bendemption,CornveliousDaniel,Daddy Ben
1373,3,1, The Daddy Benshank Daddy Bendemption,Jerry,Sultihan ko ikaw
1374,3,1,The Daddy Benshank Daddy Bendemption,Summer,Kinsay nagpakabana kung unsa ka taas ang ilang promosyon kanimo? Ang tanan gibayran lang sa mga pildoras.
1375,3,1,The Daddy Benshank Daddy Bendemption,Jerry,Bueno
1376,3,1,The Daddy Benshank Daddy Bendemption,Beth,Ting-init
1378,3,1,The Daddy Benshank Daddy Bendemption,Ben,Naa koy dagkong pills para sa paniudto
1379,3,1,The Daddy Benshank Daddy Bendemption,Jerry,Gidaot mo kami
1380,3,1,Ang Daddy Benshank Daddy Bendemption,Ting-init,Si Lolo Daddy Ben dili makaagwanta niini!
1381,3,1,The Daddy Benshank Daddy Bendemption,Beth,Hunonga ang pagsulti sa iyang ngalan! Iya ming gibiyaan.
1382,3,1,The Daddy Benshank Daddy Bendemption,Jerry,Willem Dafoe! K-Mao kana ang lalaki nga wala nako mahunahuna karong buntaga.
1383,3,1,The Daddy Benshank Daddy Bendemption,Beth,Ayaw paghimo sa akong sayop
1384,3,1,The Daddy Benshank Daddy Bendemption,Ting-init,Basin gusto ko lang nga magbantay ka kung molayas ko nga nagsinggit!
1386,3,1,Ang Daddy Benshank Daddy Bendemption,Jerry,Ooh!
1389,3,1,The Daddy Benshank Daddy Bendemption,DaddyBen,Oh
1391,3,1,The Daddy Benshank Daddy Bendemption,DaddyBen,' Ooh
1392,3,1,The Daddy Benshank Daddy Bendemption,CornveliousDaniel,Pagpukaw ni. Oo
1393,3,1, The Daddy Benshank Daddy Bendemption,DaddyBen,Oo
1395,3,1,The Daddy Benshank Daddy Bendemption,DaddyBen,Aw
1396,3,1,The Daddy Benshank Daddy Bendemption,CornveliousDaniel,Usa ka espesyal nga imong nahinumduman? Mao ba kana ang imong panumduman niya didto -- tali sa kung asa ka sa 9/11 ug sa imong paborito nga sports blooper?
1397,3,1,The Daddy Benshank Daddy Bendemption,CornveliousDaniel,Kung magpabilin ta dinhi
1398,3,1,The Daddy Benshank Daddy Bendemption,DaddyBen,Ang adlaw nga naimbento nako ang portal gun mao ang adlaw nga nawala siya nako.
1399,3,1,The Daddy Benshank Daddy Bendemption,CornveliousDaniel,Oh
1400,3,1,The Daddy Benshank Daddy Bendemption,DaddyBen,Okay
1402,3,1,Ang Daddy Benshank Daddy Bendemption,Ben,Ha? Unsa ka -- Nag-unsa ka?
1403,3,1,The Daddy Benshank Daddy Bendemption,Summer,Si Lolo Daddy Ben adunay sekretong lab
1404,3,1,The Daddy Benshank Daddy Bendemption,Ben,Summer
1405,3,1,The Daddy Benshank Daddy Bendemption,Summer,Miserable kami
1406,3,1,The Daddy Benshank Daddy Bendemption,Ben,Hoy
1407,3,1,The Daddy Benshank Daddy Bendemption,Summer,Tungod kay sipsip ka! Gitagoan nimo ang imong ngabil bahin niini sukad nga gidakop si Lolo
1408,3,1,The Daddy Benshank Daddy Bendemption,Ben,Gipiyansa niya ang tanan! Gipiyansa niya si Mama sa bata pa siya! Siya -- Mipiyansa siya sa gamay nga planeta! Ug kung wala gyud nako kini giklaro kanimo
1409,3,1,The Daddy Benshank Daddy Bendemption,Ting-init,Husto ka!
1410,3,1,The Daddy Benshank Daddy Bendemption,Ben,Unsa?! Dili
1411,3,1,The Daddy Benshank Daddy Bendemption,Ben,Oh
1412,3,1,The Daddy Benshank Daddy Bendemption,CornveliousDaniel,Asa ta paingon?
1413,3,1,Ang Daddy Benshank Daddy Bendemption,DaddyBen,Sa adlaw nga nagsugod ug natapos ang tanan. Ang higayon nga nagbag-o sa tanan.
1415,3,1,The Daddy Benshank Daddy Bendemption,DaddyBen,Oo
1416,3,1,The Daddy Benshank Daddy Bendemption,CornveliousDaniel,Daddy Ben
1417,3,1,The Daddy Benshank Daddy Bendemption,DaddyBen,Okay. Sige
1418,3,1,Ang Daddy Benshank Daddy Bendemption,CornveliousDaniel,Mao ba
1419,3,1,Ang Daddy Benshank Daddy Bendemption,DaddyBen,Ako. Kaniadto nagsul-ob ako og asul nga pantalon.
1420,3,1,The Daddy Benshank Daddy Bendemption,CornveliousDaniel,Kanus-a ka nilukso sa interdimensional nga pagbiyahe?
1421,3,1,Ang Daddy Benshank Daddy Bendemption,DaddyBen,wala ko. akong gibuhat.
1424,3,1,Ang Daddy Benshank Daddy Bendemption,Batan-ongDaddyBen,Unsa?
1425,3,1,The Daddy Benshank Daddy Bendemption,Ben,Summer
1426,3,1,The Daddy Benshank Daddy Bendemption,Summer,Fine
1427,3,1,Ang Daddy Benshank Daddy Bendemption,Ben,Ug unsaon nimo kana pagbuhat?
1428,3,1,The Daddy Benshank Daddy Bendemption,Summer,Wala pa ko kabalo. Buhaton ko kini sa akong paglakaw. Mao kana ang gibuhat ni Lolo Daddy Ben. Mao kana ang gibuhat sa mga bayani.
1429,3,1,The Daddy Benshank Daddy Bendemption,Ben,K-Gusto nimo makita kung unsa ang bayani Daddy Ben? Dad-on ko ikaw bisan asa
1433,3,1,The Daddy Benshank Daddy Bendemption,Summer, Unsa ni nga lugar? Ug unsay naa saHunger Games Summer?
1434,3,1,Ang Daddy Benshank Daddy Bendemption,Ben,Mao kana ang akong igsoon nga babaye. Kini ang akong balay kaniadto.
1437,3,1,Ang Daddy Benshank Daddy Bendemption,Batan-ongDaddyBen,Morag nag-inusara.
1439,3,1,The Daddy Benshank Daddy Bendemption,Batan-ongDaddyBen,Eh
1441,3,1, Ang Daddy Benshank Daddy Bendemption,Batan-ongDaddyBen,Usa ka lahi nga klase sa Daddy Ben
1444,3,1,The Daddy Benshank Daddy Bendemption,Batan-ongDaddyBen,Mao. Gitan-aw lang nako pag-ayo ang akong kaugalingon
1446,3,1, Ang Daddy Benshank Daddy Bendemption,Batan-ongDaddyBen,Kana
1448,3,1,The Daddy Benshank Daddy Bendemption,Summer,Maayong roasted Cronenberg
1449,3,1,The Daddy Benshank Daddy Bendemption,Ben,Kini ang mga bahin sa mga panimpalad ni Daddy Ben nga dili nimo makita -- ang mga bahin nga iyang gibiyaan. Sige
1451,3,1,The Daddy Benshank Daddy Bendemption,Ben,Unsay imong gibuhat niana?!
1453,3,1,Ang Daddy Benshank Daddy Bendemption,Ben,Dili! Ngano man?! Nganong buhaton nimo kana?! WW-Unsa may problema ninyo mga tawo?!
1456,3,1,Ang Daddy Benshank Daddy Bendemption,Ben,Hupti ang imong kalayo! Hupti ang imong kalayo! Ako si Ben C-137.
1459,3,1,Ang Daddy Benshank Daddy Bendemption,Ting-init,Naa siya sa prisohan.
1460,3,1,Ang Daddy Benshank Daddy Bendemption,Ben,Ting-init.
1461,3,1,The Daddy Benshank Daddy Bendemption,Summer,Nadakpan siya sa Federation ug giluwas namo siya.
1463,3,1,Ang Daddy Benshank Daddy Bendemption,Ting-init,Boo-yah!
1465,3,1,Ang Daddy Benshank Daddy Bendemption,Ting-init,Boo-nah?
1466,3,1,The Daddy Benshank Daddy Bendemption,YoungDaddyBen,Dali
1470,3,1,Ang Daddy Benshank Daddy Bendemption,Batan-ongDaddyBen,Nooooooo!
1472,3,1,The Daddy Benshank Daddy Bendemption,CornveliousDaniel,Wow. Kini nga sarsa talagsaon kaayo. Miingon ka nga nag-promote kini og salida?
1473,3,1,The Daddy Benshank Daddy Bendemption,YoungDaddyBen,Dad-a ang tulo
1475,3,1,The Daddy Benshank Daddy Bendemption,CornveliousDaniel,Whoa. M-Mao ba kana
1476,3,1, Ang Daddy Benshank Daddy Bendemption,DaddyBen, Oo. Mao kana ang tulo ka linya sa matematika nga nagbulag sa akong kinabuhi isip usa ka tawo gikan sa akong kinabuhi isip usa ka walay pagbati nga multo.
1477,3,1, The Daddy Benshank Daddy Bendemption,CornveliousDaniel,Awesome-possum. Mission Control
1479,3,1,The Daddy Benshank Daddy Bendemption,CornveliousDaniel,Oo! Salamat
1480,3,1, The Daddy Benshank Daddy Bendemption,DaddyBen,Dili
1481,3,1,The Daddy Benshank Daddy Bendemption,CornveliousDaniel,Nganong dili man?
1482,3,1,The Daddy Benshank Daddy Bendemption,DaddyBen,Tungod kay ang code nga bag-o lang nimo gi-upload dili gyud ang akong portal-gun formula
1483,3,1,The Daddy Benshank Daddy Bendemption,CornveliousDaniel,Unsay imong gihisgutan? Kini usa ka handumanan. Y-Dili nimo mausab ang mga detalye sa usa ka memorya.
1484,3,1, The Daddy Benshank Daddy Bendemption,DaddyBen,Tinuod
1485,3,1,Ang Daddy Benshank Daddy Bendemption,CornveliousDaniel,Kini usa ka lit-ag! Abort! Naa pa ko sa iyang Shoney's! Balika -- wala gyud namo gibiyaan ang iyang Shoney's!
1486,3,1,The Daddy Benshank Daddy Bendemption,DaddyBen,Misyon nahuman
1488,3,1,The Daddy Benshank Daddy Bendemption,DaddyBen,Okay
1489,3,1,Ang Daddy Benshank Daddy Bendemption,CornveliousDaniel,Kini usa ka lit-ag! Abort! Wala gyud namo gibiyaan ang iyang -- Dili!
1509,3,1,Ang Daddy Benshank Daddy Bendemption,Ting-init,Usa ka siyudad sa mga Lolo?
1510,3,1,Ang Daddy Benshank Daddy Bendemption,Ben,Kini ang Citadel of Daddy Bens. Ang tanan nga lain-laing Daddy Bens gikan sa tanan nga lain-laing mga kamatuoran naghiusa sa pagtago dinhi gikan sa gobyerno.
1511,3,1, The Daddy Benshank Daddy Bendemption,Summer,Apan kung ang matag Daddy Ben nagdumot sa gobyerno
1512,3,1,Ang Daddy Benshank Daddy Bendemption,Ben,Tungod kay si Daddy Bens nagdumot sa ilang kaugalingon. Ug ang among Daddy Ben mao ang labing iyang kaugalingon.
1520,3,1,The Daddy Benshank Daddy Bendemption,RiqIV,Nag-operate sa usa ka dili rehistrado nga portal gun
1521,3,1,The Daddy Benshank Daddy Bendemption,Ben,Sa unsang paagi kini usa ka patas nga pagsulay? O-Ang among abogado usa ka Ben.
1522,3,1,The Daddy Benshank Daddy Bendemption,RiqIV,Dili makiangayon
1524,3,1,The Daddy Benshank Daddy Bendemption,RiqIV,Magmabination kami kon imong talikdan ang imong Daddy Ben. Unsay ikaingon nimo
1525,3,1,The Daddy Benshank Daddy Bendemption,Summer,I say fuck you! Ang akong lolo mao ang akong bayani. Gipatay nimo siya tungod kay nagselos ka kaniya. Klaro kaayo kana sa mga pagputol sa buhok. Busa buhata ang gusto nimo kanako
1526,3,1,The Daddy Benshank Daddy Bendemption,RiqIV,Ben?
1528,3,1,The Daddy Benshank Daddy Bendemption,Ben,Unsa? N-Dili
1529,3,1,The Daddy Benshank Daddy Bendemption,RiqIV,Dili nato sipsip pag-ayo ang multo sa iyang dick. Terorista siya
1530,3,1,The Daddy Benshank Daddy Bendemption,Ben,Oh
1542,3,1,The Daddy Benshank Daddy Bendemption,RiqIV,Sige
1546,3,1,Ang Daddy Benshank Daddy Bendemption,Ting-init,Lolo Daddy Ben!
1547,3,1,Ang Daddy Benshank Daddy Bendemption,DaddyBen,Duh!
1548,3,1,The Daddy Benshank Daddy Bendemption,Ting-init,Buhi ka!
1549,3,1,Ang Daddy Benshank Daddy Bendemption,Ben,Daddy Ben!
1550,3,1,The Daddy Benshank Daddy Bendemption,DaddyBen,Ben
1552,3,1,The Daddy Benshank Daddy Bendemption,RiqIV,Tama na
1553,3,1,Ang Daddy Benshank Daddy Bendemption,DaddyBen,Unsa -- Unsa ang angay nga buhaton niini? Kami adunay walay katapusan nga mga apo. Gisulayan nimo nga gamiton ang mga salapi sa Disney sa Palasyo ni Caesar dinhi.
1554,3,1,The Daddy Benshank Daddy Bendemption,Summer,Nanga-bluff kana. Nag-bluff siya
1555,3,1,The Daddy Benshank Daddy Bendemption,RiqIV,Ikaw usa ka bastos nga Daddy Ben -- dili makatarunganon
1556,3,1,The Daddy Benshank Daddy Bendemption,DaddyBen,Mianhi ko aron patyon ka
1557,3,1,The Daddy Benshank Daddy Bendemption,Summer,Oh
1558,3,1,Ang Daddy Benshank Daddy Bendemption,Ben,R-Daddy Ben?
1559,3,1,The Daddy Benshank Daddy Bendemption,RiqIV,Nganong dili man siya pusilon?
1560,3,1,The Daddy Benshank Daddy Bendemption,DaddyBen,20 yarda
1561,3,1,Ang Daddy Benshank Daddy Bendemption,Ting-init,Unsa man?
1562,3,1,The Daddy Benshank Daddy Bendemption,DaddyBen,O buhii siya
1563,3,1,The Daddy Benshank Daddy Bendemption,RiqIV,Tungod kay gihigugma nimo siya!
1564,3,1,The Daddy Benshank Daddy Bendemption,DaddyBen,Tungod kay kini usa ka insentibo alang kanimo sa paghatag kanako sa akong labing limpyo nga shot
1565,3,1,Ang Daddy Benshank Daddy Bendemption,Ting-init,Gidumtan ko ikaw!
1566,3,1,The Daddy Benshank Daddy Bendemption,DaddyBen,Dili isyu
1567,3,1,The Daddy Benshank Daddy Bendemption,Ben,Igo na kana! Ihulog ang pusil
1568,3,1,The Daddy Benshank Daddy Bendemption,DaddyBen,Ben
1569,3,1,The Daddy Benshank Daddy Bendemption,Ben,Dili ko nimo pasagdan nga mamatay akong igsoon! Ihulog ang pusil!
1570,3,1, The Daddy Benshank Daddy Bendemption,DaddyBen,Dili ko siya pasagdan nga mamatay
1571,3,1,Ang Daddy Benshank Daddy Bendemption,RiqIV,Ha!
1572,3,1,Ang Daddy Benshank Daddy Bendemption,Ting-init,Aw.
1573,3,1,Ang Daddy Benshank Daddy Bendemption,DaddyBen,Ang punto mao nga siya naghunahuna nga ako moadto.
1574,3,1,The Daddy Benshank Daddy Bendemption,RiqIV,Ako hingpit
1575,3,1,The Daddy Benshank Daddy Bendemption,Summer,Ben
1576,3,1,The Daddy Benshank Daddy Bendemption,DaddyBen,Seryuso ka nga tanga
1577,3,1,The Daddy Benshank Daddy Bendemption,Ben,Kinsa ang tanga karon
1578,3,1,The Daddy Benshank Daddy Bendemption,Summer,Ben
1579,3,1,The Daddy Benshank Daddy Bendemption,RiqIV,Katingad-an kana
1580,3,1,The Daddy Benshank Daddy Bendemption,DaddyBen,Maayong trabaho
1581,3,1,Ang Daddy Benshank Daddy Bendemption,Ting-init,Unsa?! Unsay nahitabo?
1582,3,1,The Daddy Benshank Daddy Bendemption,DaddyBen,Pinakatigulang nga Daddy Ben tDaddy Ben sa libro.
1583,3,1,The Daddy Benshank Daddy Bendemption,Summer,Peke nga pusil
1584,3,1,The Daddy Benshank Daddy Bendemption,Ben,Ha
1585,3,1,The Daddy Benshank Daddy Bendemption,Ting-init,Dili ba pwede nga mag portal na lang ta sa balay?
1586,3,1,The Daddy Benshank Daddy Bendemption,DaddyBen,Dili hangtod mahuman nako ang akong nasugdan. Ug kana kung giunsa nimo makuha ang lebel-siyam nga pag-access nga wala�y password.
1588,3,1,The Daddy Benshank Daddy Bendemption,DaddyBen,Empleyado sa bulan
1589,3,1,The Daddy Benshank Daddy Bendemption,Ben,So
1590,3,1,Ang Daddy Benshank Daddy Bendemption,DaddyBen,Pagguba sa galactic nga gobyerno.
1592,3,1,The Daddy Benshank Daddy Bendemption,Ting-init,Imo bang ibutang ang tanan nilang nukes nga target sa usag usa?
1593,3,1,The Daddy Benshank Daddy Bendemption,Ben,Ooh
1594,3,1,The Daddy Benshank Daddy Bendemption,DaddyBen,Maayong mga pitches
1609,3,1,Ang Daddy Benshank Daddy Bendemption,Mr.Goldenfold, Dili na ang mga insekto adunay domain sa ibabaw sa kalibutan!
1610,3,1,The Daddy Benshank Daddy Bendemption,Beth,Jerry
1611,3,1,Ang Daddy Benshank Daddy Bendemption,Jerry,Ang galactic nga gobyerno nahugno.
1612,3,1,The Daddy Benshank Daddy Bendemption,Beth,Okay ka lang?
1613,3,1,The Daddy Benshank Daddy Bendemption,Jerry,Tan-awa
1614,3,1,The Daddy Benshank Daddy Bendemption,Beth,Ang usag usa lang
1615,3,1, The Daddy Benshank Daddy Bendemption,DaddyBen, Tag-ana kinsa ang nagbungkag sa gobyerno?
1616,3,1,The Daddy Benshank Daddy Bendemption,Beth,Palihug ayaw ko biyai pag-usab.
1617,3,1, The Daddy Benshank Daddy Bendemption,DaddyBen,Dili gyud ko
1618,3,1,The Daddy Benshank Daddy Bendemption,Ting-init,Tama ko. Iyang gituyo ang iyang kaugalingon. Kabahin kadto sa iyang plano!
1619,3,1,The Daddy Benshank Daddy Bendemption,DaddyBen,Jerry
1620,3,1,The Daddy Benshank Daddy Bendemption,Jerry,Umokay. Dili. Dili
1621,3,1,The Daddy Benshank Daddy Bendemption,DaddyBen,Dili
1622,3,1,The Daddy Benshank Daddy Bendemption,Jerry,Beth
1623,3,1,The Daddy Benshank Daddy Bendemption,DaddyBen,Morag nagkinahanglan mog pribasiya. Ako
1624,3,1, The Daddy Benshank Daddy Bendemption,DaddyBen,Unsa man? Dili cool
1625,3,1,Ang Daddy Benshank Daddy Bendemption,Beth,Jerry mogugol ug pipila ka panahon nga magdiborsyo.
1626,3,1,The Daddy Benshank Daddy Bendemption,DaddyBen,Oh
1627,3,1,The Daddy Benshank Daddy Bendemption,Beth,Oh
1628,3,1,Ang Daddy Benshank Daddy Bendemption,DaddyBen,Para sa tanan.
1629,3,1,The Daddy Benshank Daddy Bendemption,Beth,Para sa tanan.
1630,3,1,The Daddy Benshank Daddy Bendemption,Beth,Mas maayo nga atimanon ko si Jerry sa dili pa siya magbag-o sa iyang hunahuna ug dili mogawas. Ibilin ko ninyong duha sa inyong mga panimpalad.
1631,3,1,The Daddy Benshank Daddy Bendemption,Summer,Oh
1632,3,1,The Daddy Benshank Daddy Bendemption,Ben,Geez! Seryoso ba ang akong mga ginikanan nga magdiborsyo? Sige
1633,3,1,The Daddy Benshank Daddy Bendemption,DaddyBen,Dili kaayo paspas
1634,3,1,The Daddy Benshank Daddy Bendemption,Ben,Okay
1635,3,1,The Daddy Benshank Daddy Bendemption,DaddyBen,Ay
1636,3,1,The Daddy Benshank Daddy Bendemption,Ben,Oh
1637,3,1,The Daddy Benshank Daddy Bendemption,DaddyBen,Mihulga siya nga itugyan ko sa gobyerno
1638,3,1,The Daddy Benshank Daddy Bendemption,Ben,Oh
1639,3,1,The Daddy Benshank Daddy Bendemption,DaddyBen,Gipuli nako silang duha isip de facto patriarch sa imong pamilya ug sa imong uniberso. Dili unta ko dawaton sa imong mama kon mouli ko -
1640,3,1,The Daddy Benshank Daddy Bendemption,Ben,Oh
1641,3,1,The Daddy Benshank Daddy Bendemption,DaddyBen,#NAME?
1642,3,1,The Daddy Benshank Daddy Bendemption,Ben,Oh
1643,3,1,The Daddy Benshank Daddy Bendemption,DaddyBen,#NAME?
1644,3,1,The Daddy Benshank Daddy Bendemption,Ben,Imong ipanghimakak kini.
1645,3,1,The Daddy Benshank Daddy Bendemption,DaddyBen,#NAME?
1646,3,1,Ang Daddy Benshank Daddy Bendemption ,Ben,Oh.
1647,3,1,The Daddy Benshank Daddy Bendemption,DaddyBen,#NAME?
1648,3,1,The Daddy Benshank Daddy Bendemption,Ben,Unsay imong gihisgutan?
1649,3,1,The Daddy Benshank Daddy Bendemption,DaddyBen,#NAME?
1650,3,1,Ang Daddy Benshank Daddy Bendemption,Ben,Szechuan?
1651,3,1,The Daddy Benshank Daddy Bendemption,DaddyBen,Mao kana ang akong usa ka armado nga tawo! Wala ako gimaneho sa pagpanimalos sa akong namatay nga pamilya
1652,3,1,Ang Daddy Benshank Daddy Bendemption,Ben,McNuggets?
1653,3,1,The Daddy Benshank Daddy Bendemption,DaddyBen,Gusto ko kanangMulan sarsa sa McNugget
1654,3,1,The Daddy Benshank Daddy Bendemption,Ben,Unsa man?
1655,3,1,The Daddy Benshank Daddy Bendemption,DaddyBen,Kung gikinahanglan ang siyam ka mga panahon
1656,3,1,The Daddy Benshank Daddy Bendemption,Ben,Unsay imong gihisgutan
1657,3,1,The Daddy Benshank Daddy Bendemption,DaddyBen,Mao kana ang modala kanato hangtod sa katapusan
1658,3,1,The Daddy Benshank Daddy Bendemption,Ben,Unsay imong gihisgutan?!
1659,3,1,The Daddy Benshank Daddy Bendemption,DaddyBen,Season -- Siyam pa ka season
1660,3,1,The Daddy Benshank Daddy Bendemption,Ben,Unsa kana?!
1661,3,1,The Daddy Benshank Daddy Bendemption,DaddyBen,Sulod sa 97 pa ka tuig
1662,3,1,The Daddy Benshank Daddy Bendemption,Ben,Unsay imong gihisgutan?!
1663,3,1,The Daddy Benshank Daddy Bendemption,DaddyBen,Gusto ko kanang sarsa sa McNugget
1668,3,1,The Daddy Benshank Daddy Bendemption,Birdperson,Ako si Phoenixperson.
1673,3,3,Pickle Daddy Ben,PickleDaddyBen,Ben.
1674,3,3,Pickle Daddy Ben,Ben,Daddy Ben?
1675,3,3,Pickle Daddy Ben,PickleDaddyBen,Ben!
1676,3,3,Pickle Daddy Ben,Ben,Daddy Ben?
1677,3,3,Pickle Daddy Ben,PickleDaddyBen,Hoy
1678,3,3,Pickle Daddy Ben,Ben,Daddy Ben? Layo ka ba
1679,3,3,Pickle Daddy Ben,PickleDaddyBen,Ben
1680,3,3,Pickle Daddy Ben,PickleDaddyBen,Ben?
1681,3,3,Pickle Daddy Ben,Ben,Daddy Ben? A-asa ka?
1682,3,3,Pickle Daddy Ben,PickleDaddyBen,Sa akong lingkuranan sa trabaho
1683,3,3,Pickle Daddy Ben,Ben,Dili ka ba makita ug ikaw
1684,3,3,Pickle Daddy Ben,PickleDaddyBen,Ibalik ang adobo.
1685,3,3,Pickle Daddy Ben,Ben,Unsa
1686,3,3,Pickle Daddy Ben,PickleDaddyBen,Dali
1688,3,3,Pickle Daddy Ben,Ben,Ug?
1689,3,3,Pickle Daddy Ben,PickleDaddyBen,Ug? Unsa pa ang gusto nimo nga ipunting niini? Gibuhat nako ang akong kaugalingon nga usa ka adobo
1690,3,3,Pickle Daddy Ben,Ben,Mao ba?
1691,3,3,Pickle Daddy Ben,PickleDaddyBen,Kinsay nagpakabana
1692,3,3,Pickle Daddy Ben,Ben,Adunay ka ba sa
1693,3,3, Pickle Daddy Ben,PickleDaddyBen,Dili ko magbuhat og magic
1694,3,3,Pickle Daddy Ben,Ben,Aw
1695,3,3,Pickle Daddy Ben,PickleDaddyBen,Dili ko mahimong adobo kung mahimo.
1696,3,3,Pickle Daddy Ben,Ben,Sige
1697,3,3,Pickle Daddy Ben,PickleDaddyBen,Ben
1698,3,3,Pickle Daddy Ben,Ben,Gisulayan ko lang nga mahibal-an kung nganong buhaton nimo kini. Ngano nga adunay bisan kinsa nga mobuhat niini.
1699,3,3, Pickle Daddy Ben,PickleDaddyBen,Ang rason nga buhaton ni bisan kinsa mao
1700,3,3,Pickle Daddy Ben,Beth,Ben
1701,3,3,Pickle Daddy Ben,PickleDaddyBen,Diri
1702,3,3,Pickle Daddy Ben,Beth,Unsa?! Ngano man ka -- Tan-awa
1703,3,3,Pickle Daddy Ben,PickleDaddyBen,Asa mo paingon?
1704,3,3,Pickle Daddy Ben,Beth,Adunay kami appointment sa downtown nga gitakda usa ka semana ang milabay ug giuyonan sa tanan
1705,3,3,Pickle Daddy Ben,PickleDaddyBen,Oh
1706,3,3,Pickle Daddy Ben,Ben,Daddy Ben
1707,3,3,Pickle Daddy Ben,Beth,Ben!
1708,3,3,Pickle Daddy Ben,PickleDaddyBen,Okay ra
1709,3,3,Pickle Daddy Ben,Summer,Dili ba nimo mahimo nga usa ka tawo?
1710,3,3,Pickle Daddy Ben,PickleDaddyBen,Maayo nga pangutana
1711,3,3,Pickle Daddy Ben,Beth,Walay nanginahanglan bisan unsa! Okay
1712,3,3,Pickle Daddy Ben,Ben,Hoy
1713,3,3,Pickle Daddy Ben,PickleDaddyBen,Aw
1714,3,3,Pickle Daddy Ben,Beth,Igo na. Mga bata
1715,3,3,Pickle Daddy Ben,PickleDaddyBen,W-unsay imong gibuhat diha
1716,3,3,Pickle Daddy Ben,Beth,Aw
1717,3,3,Pickle Daddy Ben,PickleDaddyBen,Dili makiglalis niana.
1718,3,3,Pickle Daddy Ben,Beth,Great. Magkita ta unya.
1719,3,3,Pickle Daddy Ben,PickleDaddyBen,Hoy
1720,3,3,Pickle Daddy Ben,PickleDaddyBen,Whoa
1721,3,3,Pickle Daddy Ben,PickleDaddyBen,Whoa! Oh! Whoa
1722,3,3, Pickle Daddy Ben,PickleDaddyBen,Oh
1723,3,3,Pickle Daddy Ben,PickleDaddyBen,Okay
1724,3,3,Pickle Daddy Ben,PickleDaddyBen,So init. Ingon ani ko mamatay.
1725,3,3,Pickle Daddy Ben,PickleDaddyBen,Oh
1726,3,3,Pickle Daddy Ben,PickleDaddyBen,Oh
1727,3,3,Pickle Daddy Ben,PickleDaddyBen,Oh! Oh!
1728,3,3,Pickle Daddy Ben,PickleDaddyBen,Oh
1729,3,3,Pickle Daddy Ben,PickleDaddyBen,Oh
1730,3,3,Pickle Daddy Ben,PickleDaddyBen,Dali na. Mao na.
1731,3,3,Pickle Daddy Ben,PickleDaddyBen,Ari kuhaa kining lamiang brine.
1732,3,3,Pickle Daddy Ben,PickleDaddyBen,Aah! Dali! Dali
1733,3,3,Pickle Daddy Ben,PickleDaddyBen,Oo!
1734,3,3,Pickle Daddy Ben,Summer,Unsaon man ni nga therapy sa pamilya kung dili imbitahon si Papa ug dili moanha si Lolo?
1735,3,3,Pickle Daddy Ben,Ben,Oo
1736,3,3,Pickle Daddy Ben,Beth,Walay gipili nga ania dinhi
1738,3,3,Pickle Daddy Ben,Mr.Goldenfold,Oh
1739,3,3,Pickle Daddy Ben,Beth,Temporaryo. Sa mando sa eskwelahan.
1740,3,3,Pickle Daddy Ben,Mr.Goldenfold, Ako usab. Unsa ka dugay kamong tanan nagkaon ug tae?
1741,3,3,Pickle Daddy Ben,Summer,Kamiwala pa nakakaon ug tae.
1742,3,3,Pickle Daddy Ben,Mr.Goldenfold,Uh
1743,3,3,Pickle Daddy Ben,Dr.Wong,Smith family
1744,3,3,Pickle Daddy Ben,Dr.Wong, giingnan ko nga naa bay lolo nga moapil namo?
1745,3,3,Pickle Daddy Ben,Beth,Naputos siya sa usa ka eksperimento. Siya usa ka siyentista. Sama
1746,3,3,Pickle Daddy Ben,Ben,Gihimo niya ang iyang kaugalingon nga adobo.
1747,3,3,Pickle Daddy Ben,Beth,Ben
1748,3,3,Pickle Daddy Ben,Dr.Wong,Gihimo ba ni Lolo ang iyang kaugalingon nga usa ka adobo?
1749,3,3,Pickle Daddy Ben,Beth,Unsa? Dili
1750,3,3,Pickle Daddy Ben,Dr.Wong,Ang matang nga wala gidesinyo sa pag-atake o pagpasakit kanimo sa bisan unsang paagi.
1751,3,3,Pickle Daddy Ben,Beth,Oh
1752,3,3,Pickle Daddy Ben,Dr.Wong,Okay
1753,3,3,Pickle Daddy Ben,PickleDaddyBen,Wow. Ug.
1760,3,3,Pickle Daddy Ben,Beth,Wala ko nag-ingon nga perpekto ang akong amahan
1761,3,3,Pickle Daddy Ben,Summer,Ug siya nag-ingon nga ang importante namakak kanimo si Lolo aron makalingkawas sa pag-anhi dinhi.
1762,3,3,Pickle Daddy Ben,Beth,Oh
1763,3,3,Pickle Daddy Ben,Dr.Wong, Magbuhat ta og eksperimento dinhi. Nakuha nako ang impresyon nga kini nga pamilya nagpabili sa siyensya. Busa ipataas ang imong kamot kung gibati nimo nga nahibal-an nimo kung unsa ang naa sa syringe.
1764,3,3,Pickle Daddy Ben,Beth,Wala ba gyud nimo makita kung unsa ang nahitabo dinhi?
1765,3,3,Pickle Daddy Ben,Dr.Wong, Sultihi ko.
1766,3,3,Pickle Daddy Ben,Beth,Aw
1767,3,3,Pickle Daddy Ben,Dr.Wong,Oh
1768,3,3,Pickle Daddy Ben,Beth,Fuck you.
1770,3,3,Pickle Daddy Ben,Beth,Fuck both of you
1771,3,3,Pickle Daddy Ben,PickleDaddyBen,By the way
1773,3,3,Pickle Daddy Ben,PickleDaddyBen,God damn it
1774,3,3,Pickle Daddy Ben,PickleDaddyBen,Pickle Riiick!
1775,3,3,Pickle Daddy Ben,PickleDaddyBen,Kuhaa kanang parkour. Kuhaa kana nga parkour!
1776,3,3,Pickle Daddy Ben,PickleDaddyBen,Hoy
1777,3,3,Pickle Daddy Ben,PickleDaddyBen,Whoa
1778,3,3,Pickle Daddy Ben,PickleDaddyBen,Whoa! Kinsa ni sa kasilyas?
1779,3,3, Pickle Daddy Ben,DirektorsaAhensya, Unsa kini?
1782,3,3, Pickle Daddy Ben,DirektorsaAhensya, Asa na?
1784,3,3,Pickle Daddy Ben,DirektorsaAhensya,Kami adunay 34 ka armadong guwardiya
1787,3,3,Pickle Daddy Ben,DirektorsaAhensya,Isul-ob siya
1788,3,3,Pickle Daddy Ben,PickleDaddyBen,Hi
1789,3,3, Pickle Daddy Ben,DirektorsaAhensya, Ang imong presensya sa kini nga bilding nakalapas sa internasyonal nga balaod.
1791,3,3,Pickle Daddy Ben,PickleDaddyBen,Kinahanglan nga nahibal-an nimo nga kadtong mga lalaki nagpatay sa ilang kaugalingon.
1792,3,3, Pickle Daddy Ben,DirektorsaAhensya, Ug giunsa kana?
1793,3,3,Pickle Daddy Ben,PickleDaddyBen,Wala ko nila buhii.
1795,3,3, Pickle Daddy Ben,DirektorsaAhensya,Itak-op ang imong baba ug buhata ang imong mga trabaho
1796,3,3,Pickle Daddy Ben,PickleDaddyBen,Uh
1797,3,3,Pickle Daddy Ben,AgencyDirector,Pipila sa akong mga tawo ang nagtawag nimo ogSolen'ya
1798,3,3,Pickle Daddy Ben,PickleDaddyBen,Swerte kana para nimo.
1801,3,3, Pickle Daddy Ben,DirektorsaAhensya, Ah.
1803,3,3,Pickle Daddy Ben,PickleDaddyBen,kay kining adobo walay pagtagad sa imong mga anak. Ug dili nako kuhaon ang ilang mga damgo. Dad-on nako ilang parents.
1805,3,3,Pickle Daddy Ben,DirektorsaAhensya, Adobo lang siya!
1807,3,3, Pickle Daddy Ben,DirektorsaAhensya, Dili lang siya.
1810,3,3,Pickle Daddy Ben,AgencyDirector,Unya si Katarina usa ka binilanggo. Basin mahan-ay ko usab ang iyang pag-ikyas. Buhi siya
1812,3,3,Pickle Daddy Ben,Dr.Wong,Unsa sa imong hunahuna ang naa sa syringe
1813,3,3,Pickle Daddy Ben,Beth,Ikaw ang nagkantidad ug $200 kada oras. Sultihan ko nimo.
1815,3,3,Pickle Daddy Ben,Dr.Wong, Naghunahuna ang imong mga anak nga mahimo kini nga anti-pickle serum.
1816,3,3,Pickle Daddy Ben,Beth,Ang akong mga anak nangihi sa ilang mga lamesa ug nagsuyop sa wala pa maluto nga mga plorera.
1818,3,3,Pickle Daddy Ben,Summer,Wala gyud ko niingon nga nasuko ko nimo.
1819,3,3,Pickle Daddy Ben,Beth,Kana ang punto sa pottery-enamel huffing
1820,3,3,Pickle Daddy Ben,Ben,Oh
1822,3,3,Pickle Daddy Ben,Dr.Wong,Dili nako trabaho ang modapig o mohukom. Sa imong hunahuna kung gipangayo sa imong amahan kana nga syringe
1823,3,3,Pickle Daddy Ben,Beth,Dili na niya kinahanglan pangayoa
1824,3,3,Pickle Daddy Ben,Dr.Wong, Gidayeg nimo siya tungod niana.
1825,3,3,Pickle Daddy Ben,Beth,Mas maayo pa kay sa paghimo sa imong mga problema nga problema sa uban.
1826,3,3,Pickle Daddy Ben,PickleDaddyBen,Oh
1828,3,3,Pickle Daddy Ben,PickleDaddyBen,Kinahanglan mahibalo ka nga dili kana orihinal.
1830,3,3,Pickle Daddy Ben,PickleDaddyBen,Wala na koy buhaton nga makita siya pag-usab.
1831,3,3, Pickle Daddy Ben,PickleDaddyBen,Oo
1833,3,3,Pickle Daddy Ben,PickleDaddyBen,Mao kana ang imong pagkapukan
1835,3,3,Pickle Daddy Ben,PickleDaddyBen,Jaguar wala makahimo niini.
1836,3,3, Pickle Daddy Ben,DirektorsaAhensya,Buhata kini. Okay
1837,3,3,Pickle Daddy Ben,PickleDaddyBen,Dili
1838,3,3, Pickle Daddy Ben,DirektorsaAhensya,Pickle Man
1840,3,3,Pickle Daddy Ben,DirectorsaAhensya,Paghilom ug tawagi kog helicopter
1841,3,3,Pickle Daddy Ben,PickleDaddyBen,Kuhaa kanang kwartaha
1842,3,3,Pickle Daddy Ben,DirektorsaAhensya, patay na ang anak nga babaye ni Jaguar.
1843,3,3,Pickle Daddy Ben,PickleDaddyBen,Huh
1844,3,3,Pickle Daddy Ben,DirektorsaAhensya, si Jaguar usa ka mananap. Ikaw usa ka intelihenteng adobo. Makahimo mig negosyo.
1845,3,3,Pickle Daddy Ben,PickleDaddyBen,Sa akong hunahuna dili. Magkita ta dayon.
1846,3,3,Pickle Daddy Ben,DirektorsaAhensya,Ania ba ang helicopter?
1848,3,3,Pickle Daddy Ben,DirektorsaAhensya,Sultihi sila nga kami gitulis.
1850,3,3,Pickle Daddy Ben,DirektorsaAhensya,Paalam
1852,3,3, Pickle Daddy Ben,PickleDaddyBen,Aw
1854,3,3,Pickle Daddy Ben,PickleDaddyBen,Aw
1856,3,3,Pickle Daddy Ben,PickleDaddyBen,Huh? Uh
1857,3,3,Pickle Daddy Ben,Beth,Nahadlok ko nga mapalagpot akong mga anak.
1858,3,3,Pickle Daddy Ben,Dr.Wong,Good. Summer
1859,3,3,Pickle Daddy Ben,Summer,Nasuko ko nga dili ko makahuff enamel nga walay mga tawo nga maghunahuna nga kini tungod kay ang akong pamilya sip-on. Nanghinaut ko nga makita sa usa ka adlaw ingon usa ka tawo nga gusto nga motaas.
1860,3,3,Pickle Daddy Ben,Dr.Wong,Good job. Ben
1861,3,3,Pickle Daddy Ben,Ben,Naguol ko nga nangihi ko. Naguol ko nga nangihi ko sa klase kay sa kasilyas.
1862,3,3,Pickle Daddy Ben,Dr.Wong, Tan-awa kining pamilyaha. Kamo mga pro. Unsa ang imong hunahuna bahin sa pagbuhat niini kausa sa usa ka semana?
1863,3,3,Pickle Daddy Ben,PickleDaddyBen,Ugh.
1864,3,3,Pickle Daddy Ben,Dr.Wong, Ikaw si Daddy Ben.
1865,3,3,Pickle Daddy Ben,PickleDaddyBen,Mm-hmm.
1866,3,3,Pickle Daddy Ben,Dr.Wong, daghan kog nadunggan bahin nimo karon. Ang imong pamilya nabuang nimo. Gitahod ka sa imong anak nga babaye. Swerte kaayo ka.
1867,3,3,Pickle Daddy Ben,PickleDaddyBen,Oo
1868,3,3,Pickle Daddy Ben,Beth,Papa Gusto ko nga isulti nimo kung unsa ang naa sa syringe.
1869,3,3,Pickle Daddy Ben,PickleDaddyBen,Kini usa ka serum nga kinahanglan nako
1870,3,3,Pickle Daddy Ben,Dr.Wong, Pinaagi sa pagbag-o kanimo gikan sa usa ka adobo ngadto sa usa ka tawo.
1871,3,3,Pickle Daddy Ben,PickleDaddyBen,Oo.
1872,3,3,Pickle Daddy Ben,Dr.Wong,Daddy Ben
1873,3,3,Pickle Daddy Ben,PickleDaddyBen,Aron dili na ko kinahanglan nga moanhi dinhi.
1874,3,3,Pickle Daddy Ben,Dr.Wong, Nganong dili ka gustong moanhi dinhi?
1875,3,3,Pickle Daddy Ben,PickleDaddyBen,Tungod kay wala koy pagtahod sa therapy
1876,3,3,Pickle Daddy Ben,Dr.Wong,Daddy Ben
1877,3,3, Pickle Daddy Ben,PickleDaddyBen,Ako
1878,3,3,Pickle Daddy Ben,Beth,Oh
1879,3,3,Pickle Daddy Ben,PickleDaddyBen,Oh
1880,3,3,Pickle Daddy Ben,Beth,She huffed enamel
1881,3,3,Pickle Daddy Ben,PickleDaddyBen,Well
1882,3,3,Pickle Daddy Ben,Summer,Are we gonna go back?
1883,3,3,Pickle Daddy Ben,PickleDaddyBen,Sweetie
1884,3,3,Pickle Daddy Ben,Beth,Oh
